Real,Imag
0.330634,-0.479288
0.336666,-0.463348
0.342838,-0.447536
0.349148,-0.431851
0.355593,-0.416295
0.362173,-0.400869
0.368884,-0.385573
0.375724,-0.370407
0.382693,-0.355373
0.389788,-0.340471
0.397008,-0.3257
0.404352,-0.311063
0.411818,-0.296558
0.419404,-0.282188
0.42711,-0.267951
0.434935,-0.25385
0.442878,-0.239884
0.450937,-0.226054
0.459112,-0.212361
0.467402,-0.198806
0.475807,-0.185389
0.484324,-0.172113
0.492955,-0.158978
0.501697,-0.145985
0.510551,-0.133136
0.519515,-0.120431
0.528588,-0.107874
0.53777,-0.0954645
0.547059,-0.0832054
0.556454,-0.071098
0.565954,-0.0591444
0.575558,-0.0473464
0.585265,-0.035706
0.595072,-0.0242252
0.604978,-0.0129061
0.614982,-0.00175076
0.62508,0.00923886
0.635272,0.0200607
0.645556,0.0307127
0.655927,0.0411931
0.666385,0.0514997
0.676926,0.0616309
0.687548,0.071585
0.698248,0.0813601
0.709023,0.0909549
0.71987,0.100368
0.730785,0.109598
0.741766,0.118643
0.752809,0.127503
0.763911,0.136178
0.775068,0.144665
0.786277,0.152964
0.797535,0.161076
0.808837,0.169
0.820182,0.176735
0.831565,0.184282
0.842982,0.191641
0.854432,0.198812
0.86591,0.205796
0.877413,0.212593
0.888939,0.219204
0.900484,0.22563
0.912045,0.231871
0.923621,0.237929
0.935207,0.243804
0.946802,0.249498
0.958403,0.255011
0.970007,0.260345
0.981614,0.265502
0.99322,0.270481
1.00482,0.275285
1.01642,0.279914
1.02802,0.28437
1.0396,0.288653
1.05118,0.292764
1.06275,0.296706
1.0743,0.300477
1.08584,0.30408
1.09737,0.307514
1.10888,0.310782
1.12038,0.313882
1.13185,0.316816
1.14331,0.319584
1.15474,0.322186
1.16615,0.324623
1.17754,0.326894
1.1889,0.329
1.20024,0.330941
1.21155,0.332717
1.22283,0.334328
1.23407,0.335774
1.24529,0.337054
1.25647,0.338169
1.26761,0.339119
1.27871,0.339902
1.28977,0.34052
1.30079,0.340973
1.31177,0.34126
1.32269,0.341381
1.33356,0.341337
1.34438,0.341128
1.35515,0.340754
1.36585,0.340216
1.3765,0.339514
1.38707,0.338648
1.39759,0.337621
1.40803,0.336432
1.4184,0.335083
1.42869,0.333575
1.4389,0.331908
1.44904,0.330086
1.45908,0.328109
1.46904,0.325978
1.47891,0.323696
1.48869,0.321265
1.49838,0.318687
1.50796,0.315964
1.51745,0.313097
1.52683,0.310091
1.53611,0.306946
1.54528,0.303665
1.55435,0.300251
1.5633,0.296707
1.57215,0.293035
1.58088,0.289237
1.58949,0.285317
1.59799,0.281276
1.60638,0.277118
1.61464,0.272845
1.62279,0.268459
1.63082,0.263963
1.63873,0.259359
1.64652,0.25465
1.65418,0.249837
1.66173,0.244924
1.66915,0.239912
1.67645,0.234803
1.68363,0.229598
1.69069,0.224301
1.69762,0.218912
1.70443,0.213433
1.71111,0.207866
1.71768,0.202213
1.72411,0.196473
1.73042,0.19065
1.73661,0.184744
1.74267,0.178757
1.74861,0.172689
1.75442,0.166541
1.7601,0.160316
1.76565,0.154014
1.77108,0.147635
1.77637,0.141182
1.78153,0.134656
1.78656,0.128057
1.79146,0.121386
1.79623,0.114646
1.80086,0.107837
1.80535,0.10096
1.80971,0.0940181
1.81392,0.0870116
1.818,0.0799425
1.82193,0.0728126
1.82572,0.0656236
1.82936,0.0583774
1.83286,0.0510763
1.83621,0.0437223
1.83941,0.0363176
1.84247,0.0288647
1.84537,0.021366
1.84811,0.0138241
1.85071,0.00624155
1.85315,-0.00137886
1.85543,-0.00903433
1.85756,-0.016722
1.85953,-0.0244389
1.86134,-0.0321822
1.863,-0.0399487
1.8645,-0.0477355
1.86584,-0.0555394
1.86702,-0.0633576
1.86804,-0.0711868
1.8689,-0.0790241
1.86961,-0.0868666
1.87016,-0.0947111
1.87055,-0.102555
1.87079,-0.110395
1.87087,-0.118229
1.8708,-0.126054
1.87057,-0.133867
1.87019,-0.141666
1.86966,-0.149449
1.86898,-0.157213
1.86815,-0.164955
1.86718,-0.172675
1.86605,-0.180369
1.86479,-0.188037
1.86337,-0.195675
1.86182,-0.203284
1.86013,-0.21086
1.85829,-0.218402
1.85632,-0.22591
1.85421,-0.233382
1.85196,-0.240816
1.84958,-0.248211
1.84706,-0.255567
1.84441,-0.262881
1.84162,-0.270154
1.83871,-0.277384
1.83566,-0.284569
1.83248,-0.29171
1.82917,-0.298804
1.82573,-0.305851
1.82216,-0.312849
1.81846,-0.319798
1.81464,-0.326697
1.81068,-0.333543
1.8066,-0.340337
1.80239,-0.347075
1.79805,-0.353758
1.79358,-0.360382
1.78898,-0.366948
1.78426,-0.373453
1.77941,-0.379894
1.77443,-0.386272
1.76932,-0.392582
1.76409,-0.398824
1.75873,-0.404996
1.75324,-0.411094
1.74763,-0.417118
1.7419,-0.423064
1.73604,-0.428931
1.73005,-0.434715
1.72395,-0.440415
1.71772,-0.446028
1.71137,-0.451552
1.7049,-0.456985
1.69832,-0.462323
1.69162,-0.467565
1.6848,-0.472709
1.67787,-0.477751
1.67083,-0.48269
1.66368,-0.487525
1.65643,-0.492251
1.64907,-0.496869
1.6416,-0.501376
1.63403,-0.505769
1.62637,-0.510048
1.61861,-0.514211
1.61076,-0.518257
1.60281,-0.522183
1.59478,-0.52599
1.58666,-0.529675
1.57845,-0.533239
1.57017,-0.53668
1.56181,-0.539997
1.55336,-0.54319
1.54485,-0.546258
1.53626,-0.549201
1.52761,-0.552019
1.51888,-0.554712
1.51009,-0.557278
1.50124,-0.559719
1.49232,-0.562034
1.48335,-0.564222
1.47431,-0.566285
1.46522,-0.568222
1.45608,-0.570034
1.44688,-0.571719
1.43763,-0.573279
1.42833,-0.574713
1.41897,-0.576021
1.40957,-0.577203
1.40013,-0.578259
1.39063,-0.57919
1.38109,-0.579994
1.37151,-0.580671
1.36188,-0.581221
1.35221,-0.581644
1.3425,-0.581939
1.33275,-0.582105
1.32296,-0.582142
1.31313,-0.582049
1.30326,-0.581825
1.29335,-0.58147
1.28341,-0.580982
1.27343,-0.58036
1.26342,-0.579604
1.25338,-0.578712
1.24331,-0.577684
1.23321,-0.576517
1.22308,-0.575211
1.21293,-0.573765
1.20275,-0.572178
1.19255,-0.570449
1.18233,-0.568576
1.17209,-0.566559
1.16183,-0.564396
1.15157,-0.562087
1.14129,-0.559631
1.131,-0.557028
1.12071,-0.554276
1.11041,-0.551375
1.10011,-0.548325
1.08982,-0.545125
1.07952,-0.541775
1.06924,-0.538276
1.05897,-0.534627
1.0487,-0.530828
1.03846,-0.52688
1.02823,-0.522783
1.01802,-0.518538
1.00784,-0.514146
0.99768,-0.509607
0.98755,-0.504921
0.977451,-0.500091
0.967385,-0.495118
0.957354,-0.490001
0.947361,-0.484744
0.937408,-0.479346
0.927495,-0.473809
0.917626,-0.468136
0.907802,-0.462326
0.898025,-0.456381
0.888295,-0.450304
0.878615,-0.444095
0.868985,-0.437755
0.859408,-0.431287
0.849883,-0.424691
0.840412,-0.417968
0.830995,-0.411121
0.821634,-0.404149
0.81233,-0.397055
0.803083,-0.389839
0.793893,-0.382501
0.784762,-0.375044
0.77569,-0.367468
0.766677,-0.359772
0.757725,-0.351959
0.748833,-0.344028
0.740003,-0.33598
0.731235,-0.327816
0.722531,-0.319534
0.71389,-0.311137
0.705314,-0.302623
0.696803,-0.293994
0.688359,-0.285248
0.679982,-0.276387
0.671675,-0.26741
0.663437,-0.258318
0.655271,-0.249109
0.647178,-0.239785
0.63916,-0.230346
0.631217,-0.220791
0.623352,-0.211121
0.615567,-0.201336
0.607864,-0.191436
0.600243,-0.181422
0.592709,-0.171295
0.585261,-0.161055
0.577903,-0.150702
0.570637,-0.140237
0.563464,-0.129662
0.556388,-0.118978
0.549409,-0.108185
0.54253,-0.0972849
0.535754,-0.0862793
0.529081,-0.0751696
0.522515,-0.0639574
0.516057,-0.0526445
0.509709,-0.0412329
0.503473,-0.0297244
0.49735,-0.0181211
0.491342,-0.00642521
0.485451,0.00536112
0.479677,0.0172356
0.474022,0.0291959
0.468487,0.0412396
0.463073,0.0533645
0.45778,0.065568
0.45261,0.0778478
0.447563,0.0902015
0.44264,0.102627
0.43784,0.115121
0.433164,0.127682
0.428612,0.140308
0.424184,0.152997
0.41988,0.165746
0.415699,0.178554
0.411642,0.191418
0.407708,0.204337
0.403896,0.217309
0.400206,0.230333
0.396638,0.243407
0.393192,0.256529
0.389866,0.269699
0.38666,0.282915
0.383574,0.296176
0.380607,0.309482
0.37776,0.322831
0.375031,0.336223
0.37242,0.349656
0.369928,0.363131
0.367554,0.376646
0.365298,0.390202
0.36316,0.403797
0.361141,0.417431
0.35924,0.431104
0.357458,0.444815
0.355795,0.458564
0.354252,0.47235
0.35283,0.486172
0.35153,0.500031
0.350351,0.513924
0.349295,0.527852
0.348363,0.541813
0.347555,0.555807
0.346874,0.569833
0.346319,0.583889
0.345893,0.597974
0.345595,0.612087
0.345427,0.626226
0.34539,0.640389
0.345485,0.654575
0.345713,0.668783
0.346075,0.683009
0.346572,0.697252
0.347204,0.71151
0.347972,0.725781
0.348876,0.740061
0.349917,0.754349
0.351096,0.768643
0.352412,0.782939
0.353864,0.797235
0.355455,0.811528
0.357181,0.825816
0.359045,0.840097
0.361044,0.854367
0.363178,0.868624
0.365446,0.882865
0.367848,0.897089
0.370381,0.911292
0.373046,0.925472
0.375839,0.939627
0.378761,0.953755
0.381809,0.967855
0.384981,0.981923
0.388277,0.995958
0.391693,1.00996
0.395229,1.02392
0.398882,1.03785
0.40265,1.05174
0.406533,1.06559
0.410526,1.0794
0.41463,1.09317
0.418842,1.1069
0.42316,1.12058
0.427583,1.13422
0.432109,1.14782
0.436736,1.16138
0.441463,1.17489
0.446289,1.18836
0.451213,1.20178
0.456233,1.21516
0.461348,1.2285
0.466558,1.24179
0.471861,1.25504
0.477258,1.26824
0.482747,1.28141
0.488328,1.29452
0.494001,1.3076
0.499766,1.32063
0.505621,1.33361
0.511568,1.34655
0.517606,1.35945
0.523735,1.3723
0.529955,1.3851
0.536266,1.39785
0.542668,1.41056
0.549161,1.42322
0.555745,1.43582
0.56242,1.44838
0.569185,1.46088
0.576042,1.47332
0.582988,1.48571
0.590024,1.49804
0.59715,1.51031
0.604364,1.52252
0.611665,1.53466
0.619053,1.54674
0.626527,1.55875
0.634085,1.57068
0.641726,1.58255
0.649448,1.59434
0.657249,1.60605
0.665128,1.61768
0.673082,1.62923
0.681109,1.6407
0.689207,1.65209
0.697372,1.66338
0.705602,1.67459
0.713895,1.68571
0.722247,1.69674
0.730655,1.70767
0.739116,1.71852
0.747627,1.72926
0.756185,1.73992
0.764785,1.75048
0.773426,1.76094
0.782103,1.7713
0.790812,1.78157
0.799552,1.79175
0.808318,1.80183
0.817108,1.81181
0.825918,1.8217
0.834745,1.8315
0.843586,1.8412
0.852438,1.85081
0.861299,1.86034
0.870166,1.86977
0.879037,1.87911
0.887909,1.88837
0.89678,1.89754
0.905648,1.90663
0.914511,1.91564
0.923367,1.92456
0.932215,1.9334
0.941054,1.94217
0.949881,1.95085
0.958696,1.95946
0.967497,1.96799
0.976283,1.97645
0.985052,1.98483
0.993805,1.99314
1.00254,2.00137
1.01126,2.00953
1.01995,2.01762
1.02862,2.02563
1.03728,2.03357
1.0459,2.04143
1.0545,2.04922
1.06308,2.05693
1.07163,2.06457
1.08014,2.07212
1.08863,2.0796
1.09708,2.087
1.1055,2.09431
1.11387,2.10154
1.12221,2.10869
1.1305,2.11575
1.13874,2.12273
1.14693,2.12961
1.15506,2.1364
1.16314,2.1431
1.17115,2.14971
1.1791,2.15623
1.18697,2.16264
1.19477,2.16896
1.20249,2.17519
1.21012,2.18131
1.21765,2.18733
1.22509,2.19326
1.23242,2.19908
1.23965,2.2048
1.24676,2.21043
1.25374,2.21595
1.2606,2.22137
1.26733,2.2267
1.27391,2.23192
1.28035,2.23705
1.28663,2.24208
1.29276,2.24702
1.29872,2.25186
1.30451,2.25661
1.31012,2.26127
1.31555,2.26584
1.32079,2.27032
1.32583,2.27472
1.33067,2.27904
1.33531,2.28327
1.33974,2.28743
1.34394,2.29151
1.34793,2.29551
1.35169,2.29943
1.35521,2.30328
1.3585,2.30706
1.36154,2.31077
1.36434,2.3144
1.36688,2.31797
1.36917,2.32146
1.37119,2.32488
1.37295,2.32824
1.37443,2.33151
1.37564,2.33472
1.37656,2.33785
1.37719,2.3409
1.37754,2.34387
1.37758,2.34675
1.37731,2.34955
1.37674,2.35226
1.37585,2.35487
1.37463,2.35738
1.37308,2.35979
1.37119,2.36209
1.36895,2.36426
1.36636,2.36632
1.3634,2.36824
1.36007,2.37002
1.35636,2.37165
1.35226,2.37313
1.34775,2.37444
1.34283,2.37558
1.33749,2.37654
1.33171,2.3773
1.32549,2.37785
1.3188,2.37818
1.31165,2.37829
1.30401,2.37816
1.29588,2.37777
1.28724,2.37711
1.27807,2.37618
1.26837,2.37494
1.25812,2.3734
1.24731,2.37153
1.23593,2.36932
1.22396,2.36675
1.21138,2.3638
1.1982,2.36046
1.18439,2.3567
1.16995,2.35251
1.15485,2.34786
1.1391,2.34274
1.12269,2.33711
1.1056,2.33096
1.08783,2.32426
1.06937,2.31699
1.05022,2.30911
1.03037,2.3006
1.00982,2.29143
0.988571,2.28157
0.966625,2.27098
0.943986,2.25963
0.920657,2.24749
0.896648,2.23451
0.871968,2.22066
0.846631,2.20591
0.820651,2.1902
0.794049,2.1735
0.766845,2.15576
0.739066,2.13695
0.710739,2.11701
0.681897,2.09591
0.652577,2.07358
0.622818,2.05
0.592665,2.02511
0.562167,1.99887
0.531377,1.97122
0.500352,1.94214
0.469154,1.91157
0.43785,1.87948
0.406511,1.84582
0.375213,1.81057
0.344035,1.77368
0.313062,1.73513
0.282383,1.6949
0.25209,1.65297
0.222278,1.60933
0.193048,1.56396
0.164499,1.51686
0.136738,1.46805
0.109868,1.41754
0.0839968,1.36535
0.0592312,1.3115
0.0356776,1.25604
0.0134411,1.19902
-0.00737523,1.1405
-0.0266714,1.08053
-0.0443512,1.0192
-0.0603234,0.956587
-0.0745024,0.892786
-0.0868091,0.827899
-0.0971718,0.762034
-0.105527,0.695305
-0.111821,0.627837
-0.116007,0.559756
-0.118052,0.491194
-0.117931,0.422287
-0.11563,0.353175
-0.111146,0.283995
-0.104488,0.214889
-0.095674,0.145997
-0.0847349,0.0774556
-0.0717105,0.00940006
-0.0566506,-0.0580388
-0.0396147,-0.124735
-0.0206706,-0.190568
0.000105884,-0.255424
0.022632,-0.319196
0.0468186,-0.381786
0.0725716,-0.443103
0.0997922,-0.503064
0.128379,-0.561597
0.158226,-0.618637
0.189229,-0.674129
0.221279,-0.728027
0.254271,-0.780292
0.288099,-0.830895
0.322658,-0.879817
0.357846,-0.927042
0.393563,-0.972567
0.429713,-1.01639
0.466203,-1.05853
0.502945,-1.09898
0.539854,-1.13778
0.57685,-1.17494
0.613858,-1.2105
0.650807,-1.24448
0.687629,-1.27693
0.724266,-1.30787
0.760658,-1.33737
0.796754,-1.36545
0.832507,-1.39217
0.867872,-1.41756
0.90281,-1.44168
0.937286,-1.46458
0.971267,-1.48631
1.00473,-1.50691
1.03764,-1.52643
1.06998,-1.54493
1.10173,-1.56244
1.13288,-1.57902
1.16341,-1.59471
1.19331,-1.60955
1.22257,-1.6236
1.25118,-1.63689
1.27914,-1.64947
1.30644,-1.66137
1.33309,-1.67263
1.35907,-1.68329
1.38438,-1.69339
1.40904,-1.70296
1.43303,-1.71202
1.45637,-1.72062
1.47905,-1.72878
1.50108,-1.73653
1.52246,-1.74389
1.5432,-1.7509
1.56331,-1.75756
1.58278,-1.76391
1.60163,-1.76996
1.61987,-1.77574
1.63749,-1.78126
1.65451,-1.78653
1.67093,-1.79158
1.68676,-1.79641
1.70202,-1.80104
1.7167,-1.80548
1.73082,-1.80975
1.74439,-1.81384
1.75741,-1.81778
1.7699,-1.82156
1.78186,-1.8252
1.7933,-1.8287
1.80423,-1.83208
1.81467,-1.83533
1.82462,-1.83845
1.8341,-1.84147
1.8431,-1.84437
1.85165,-1.84716
1.85976,-1.84985
1.86743,-1.85245
1.87467,-1.85494
1.8815,-1.85734
1.88793,-1.85965
1.89396,-1.86187
1.89961,-1.864
1.90489,-1.86605
1.90981,-1.86802
1.91437,-1.86992
1.91859,-1.87173
1.92248,-1.87348
1.92604,-1.87515
1.92929,-1.87675
1.93223,-1.87829
1.93488,-1.87977
1.93724,-1.88118
1.93932,-1.88254
1.94113,-1.88385
1.94268,-1.8851
1.94396,-1.8863
1.945,-1.88746
1.94579,-1.88857
1.94634,-1.88964
1.94667,-1.89068
1.94676,-1.89167
1.94664,-1.89263
1.94629,-1.89356
1.94574,-1.89446
1.94497,-1.89534
1.94401,-1.89618
1.94284,-1.897
1.94147,-1.8978
1.93991,-1.89857
1.93815,-1.89932
1.93621,-1.90006
1.93408,-1.90077
1.93177,-1.90146
1.92927,-1.90213
1.9266,-1.90278
1.92374,-1.9034
1.92071,-1.90401
1.9175,-1.90459
1.91413,-1.90515
1.91058,-1.90568
1.90686,-1.90619
1.90298,-1.90666
1.89893,-1.90711
1.89472,-1.90752
1.89035,-1.9079
1.88583,-1.90824
1.88115,-1.90854
1.87631,-1.9088
1.87133,-1.90901
1.8662,-1.90918
1.86093,-1.9093
1.85552,-1.90936
1.84997,-1.90938
1.84429,-1.90933
1.83847,-1.90923
1.83254,-1.90907
1.82648,-1.90885
1.8203,-1.90857
1.81401,-1.90822
1.8076,-1.9078
1.80109,-1.90731
1.79448,-1.90676
1.78777,-1.90614
1.78097,-1.90544
1.77408,-1.90468
1.76709,-1.90384
1.76003,-1.90294
1.75289,-1.90196
1.74567,-1.90091
1.73838,-1.89979
1.73102,-1.8986
1.7236,-1.89734
1.71612,-1.89601
1.70857,-1.89462
1.70097,-1.89315
1.69332,-1.89162
1.68561,-1.89003
1.67785,-1.88837
1.67005,-1.88666
1.6622,-1.88488
1.6543,-1.88303
1.64636,-1.88114
1.63838,-1.87918
1.63036,-1.87716
1.6223,-1.87509
1.6142,-1.87296
1.60606,-1.87078
1.59788,-1.86855
1.58966,-1.86626
1.5814,-1.86391
1.57311,-1.86152
1.56478,-1.85907
1.55641,-1.85656
1.54801,-1.85401
1.53957,-1.85139
1.53109,-1.84873
1.52257,-1.846
1.51402,-1.84322
1.50543,-1.84039
1.49681,-1.83749
1.48815,-1.83454
1.47946,-1.83152
1.47073,-1.82844
1.46197,-1.8253
1.45318,-1.82209
1.44435,-1.81882
1.4355,-1.81547
1.42661,-1.81206
1.4177,-1.80858
1.40877,-1.80502
1.39981,-1.80139
1.39083,-1.79769
1.38183,-1.79391
1.37281,-1.79005
1.36377,-1.78611
1.35473,-1.7821
1.34567,-1.77801
1.3366,-1.77383
1.32753,-1.76958
1.31845,-1.76524
1.30937,-1.76083
1.3003,-1.75633
1.29122,-1.75175
1.28216,-1.74709
1.2731,-1.74236
1.26405,-1.73754
1.25501,-1.73264
1.24599,-1.72767
1.23699,-1.72262
1.22801,-1.7175
1.21905,-1.7123
1.21011,-1.70703
1.20119,-1.70169
1.1923,-1.69627
1.18343,-1.69079
1.1746,-1.68524
1.16579,-1.67963
1.15701,-1.67395
1.14826,-1.66821
1.13954,-1.66241
1.13085,-1.65655
1.12219,-1.65062
1.11357,-1.64465
1.10497,-1.63861
1.09641,-1.63252
1.08787,-1.62637
1.07937,-1.62018
1.0709,-1.61392
1.06246,-1.60762
1.05404,-1.60126
1.04566,-1.59486
1.0373,-1.5884
1.02898,-1.58188
1.02068,-1.57532
1.01241,-1.56871
1.00417,-1.56204
0.995956,-1.55532
0.98777,-1.54855
0.979612,-1.54173
0.971482,-1.53485
0.963379,-1.52791
0.955305,-1.52092
0.947261,-1.51388
0.939245,-1.50678
0.93126,-1.49962
0.923306,-1.4924
0.915384,-1.48513
0.907495,-1.47779
0.89964,-1.4704
0.89182,-1.46294
0.884037,-1.45543
0.876293,-1.44785
0.868587,-1.44021
0.860923,-1.43251
0.853302,-1.42474
0.845726,-1.41692
0.838195,-1.40903
0.830712,-1.40109
0.823279,-1.39308
0.815897,-1.38501
0.808567,-1.37688
0.801292,-1.3687
0.794073,-1.36046
0.786912,-1.35216
0.779809,-1.3438
0.772767,-1.33539
0.765785,-1.32693
0.758867,-1.31842
0.752012,-1.30985
0.745221,-1.30124
0.738495,-1.29258
0.731836,-1.28388
0.725242,-1.27513
0.718716,-1.26635
0.712256,-1.25752
0.705864,-1.24865
0.699539,-1.23974
0.693281,-1.2308
0.68709,-1.22183
0.680965,-1.21282
0.674907,-1.20378
0.668914,-1.19472
0.662987,-1.18562
0.657125,-1.17649
0.651326,-1.16734
0.645591,-1.15816
0.639918,-1.14895
0.634308,-1.13972
0.628758,-1.13047
0.623269,-1.12118
0.61784,-1.11188
0.61247,-1.10255
0.607159,-1.0932
0.601906,-1.08382
0.596711,-1.07442
0.591573,-1.065
0.586492,-1.05555
0.581468,-1.04607
0.576501,-1.03657
0.571591,-1.02704
0.566738,-1.01749
0.561941,-1.00791
0.557203,-0.998307
0.552522,-0.988674
0.547899,-0.979013
0.543336,-0.969324
0.538832,-0.959607
0.534389,-0.949862
0.530008,-0.940088
0.525688,-0.930285
0.521432,-0.920454
0.517241,-0.910595
0.513115,-0.900708
0.509055,-0.890793
0.505064,-0.880851
0.50114,-0.870882
0.497287,-0.860887
0.493505,-0.850868
0.489795,-0.840824
0.486157,-0.830757
0.482594,-0.820668
0.479105,-0.810558
0.475692,-0.800428
0.472355,-0.79028
0.469095,-0.780115
0.465912,-0.769935
0.462807,-0.759742
0.459781,-0.749535
0.456832,-0.739318
0.453962,-0.729092
0.45117,-0.718858
0.448456,-0.708619
0.44582,-0.698374
0.443261,-0.688127
0.440779,-0.677878
0.438374,-0.667628
0.436045,-0.65738
0.43379,-0.647134
0.43161,-0.636892
0.429503,-0.626654
0.427468,-0.616421
0.425505,-0.606195
0.423613,-0.595976
0.421789,-0.585765
0.420035,-0.575562
0.418347,-0.565367
0.416726,-0.555182
0.415171,-0.545006
0.413679,-0.534839
0.412252,-0.524682
0.410887,-0.514534
0.409584,-0.504396
0.408343,-0.494266
0.407163,-0.484145
0.406042,-0.474033
0.404982,-0.463929
0.40398,-0.453833
0.403039,-0.443744
0.402156,-0.433662
0.401332,-0.423587
0.400568,-0.413519
0.399863,-0.403456
0.399217,-0.393399
0.398631,-0.383347
0.398106,-0.373301
0.397641,-0.363259
0.397238,-0.353223
0.396896,-0.343192
0.396617,-0.333166
0.396402,-0.323145
0.39625,-0.31313
0.396162,-0.303122
0.39614,-0.29312
0.396185,-0.283125
0.396295,-0.273138
0.396473,-0.26316
0.396719,-0.253191
0.397034,-0.243233
0.397417,-0.233287
0.397869,-0.223353
0.398392,-0.213434
0.398984,-0.20353
0.399646,-0.193642
0.400378,-0.183772
0.401181,-0.173921
0.402053,-0.164091
0.402995,-0.154282
0.404006,-0.144497
0.405085,-0.134737
0.406234,-0.125002
0.407449,-0.115295
0.408732,-0.105616
0.41008,-0.0959671
0.411494,-0.0863487
0.412971,-0.0767619
0.414511,-0.0672078
0.416114,-0.0576872
0.417777,-0.0482009
0.419499,-0.0387494
0.42128,-0.0293335
0.423117,-0.0199534
0.425011,-0.0106096
0.426959,-0.00130225
0.42896,0.00796847
0.431014,0.0172025
0.433119,0.0264
0.435273,0.035561
0.437477,0.0446858
0.439728,0.0537746
0.442027,0.0628279
0.444372,0.071846
0.446762,0.0808294
0.449198,0.0897787
0.451678,0.0986943
0.454202,0.107577
0.45677,0.116427
0.459381,0.125245
0.462035,0.134031
0.464733,0.142787
0.467474,0.151512
0.470259,0.160207
0.473087,0.168872
0.475959,0.177508
0.478875,0.186115
0.481836,0.194693
0.484841,0.203241
0.487893,0.211761
0.49099,0.220251
0.494133,0.228712
0.497324,0.237144
0.500562,0.245545
0.503848,0.253916
0.507182,0.262255
0.510565,0.270563
0.513997,0.278838
0.517478,0.28708
0.521008,0.295287
0.524588,0.303459
0.528218,0.311595
0.531898,0.319694
0.535627,0.327754
0.539405,0.335774
0.543232,0.343754
0.547107,0.351693
0.551031,0.359588
0.555001,0.367439
0.559019,0.375246
0.563082,0.383006
0.567189,0.390719
0.571341,0.398385
0.575536,0.406001
0.579772,0.413569
0.584048,0.421086
0.588364,0.428552
0.592718,0.435967
0.597108,0.443331
0.601534,0.450643
0.605993,0.457903
0.610485,0.465111
0.615009,0.472266
0.619562,0.47937
0.624144,0.486422
0.628754,0.493423
0.63339,0.500373
0.638052,0.507272
0.642737,0.514121
0.647446,0.520921
0.652178,0.527672
0.656931,0.534375
0.661705,0.541032
0.666499,0.547641
0.671314,0.554206
0.676148,0.560725
0.681001,0.5672
0.685874,0.573632
0.690765,0.580022
0.695676,0.58637
0.700605,0.592676
0.705554,0.598942
0.710522,0.605168
0.71551,0.611354
0.720518,0.617501
0.725547,0.623609
0.730596,0.629678
0.735667,0.635709
0.74076,0.6417
0.745875,0.647653
0.751012,0.653567
0.756173,0.659442
0.761357,0.665277
0.766565,0.671073
0.771797,0.676827
0.777053,0.68254
0.782334,0.688211
0.787639,0.69384
0.792969,0.699425
0.798324,0.704966
0.803703,0.710462
0.809106,0.715912
0.814532,0.721314
0.819982,0.726669
0.825455,0.731976
0.830949,0.737232
0.836465,0.742439
0.842001,0.747594
0.847556,0.752697
0.85313,0.757748
0.858721,0.762745
0.864328,0.767689
0.86995,0.772579
0.875586,0.777414
0.881234,0.782195
0.886893,0.786921
0.892562,0.791592
0.898239,0.796209
0.903923,0.800771
0.909612,0.805279
0.915307,0.809733
0.921004,0.814134
0.926703,0.818481
0.932403,0.822777
0.938102,0.827022
0.9438,0.831215
0.949497,0.83536
0.95519,0.839455
0.960879,0.843503
0.966564,0.847504
0.972244,0.851459
0.977919,0.85537
0.983588,0.859236
0.989252,0.863061
0.994909,0.866843
1.00056,0.870585
1.00621,0.874288
1.01185,0.877951
1.01748,0.881577
1.02311,0.885165
1.02874,0.888717
1.03436,0.892232
1.03997,0.895712
1.04559,0.899157
1.0512,0.902566
1.05681,0.905941
1.06241,0.909282
1.06802,0.912587
1.07362,0.915858
1.07923,0.919094
1.08483,0.922295
1.09044,0.92546
1.09604,0.928588
1.10165,0.931681
1.10726,0.934735
1.11287,0.937752
1.11848,0.940731
1.1241,0.943669
1.12971,0.946568
1.13533,0.949426
1.14094,0.952243
1.14656,0.955017
1.15217,0.957748
1.15778,0.960435
1.16339,0.963078
1.169,0.965676
1.1746,0.968229
1.1802,0.970735
1.18579,0.973196
1.19138,0.97561
1.19695,0.977978
1.20251,0.980299
1.20807,0.982573
1.21361,0.984801
1.21913,0.986983
1.22464,0.989119
1.23013,0.99121
1.23561,0.993256
1.24107,0.995258
1.2465,0.997218
1.25192,0.999135
1.25731,1.00101
1.26267,1.00285
1.26802,1.00464
1.27334,1.0064
1.27863,1.00812
1.2839,1.00981
1.28914,1.01146
1.29435,1.01308
1.29954,1.01467
1.3047,1.01622
1.30983,1.01775
1.31494,1.01925
1.32001,1.02072
1.32507,1.02217
1.33009,1.02359
1.33509,1.02499
1.34007,1.02637
1.34502,1.02772
1.34995,1.02905
1.35485,1.03036
1.35974,1.03165
1.3646,1.03292
1.36944,1.03417
1.37425,1.0354
1.37905,1.0366
1.38384,1.03779
1.3886,1.03896
1.39334,1.04011
1.39807,1.04123
1.40278,1.04234
1.40748,1.04342
1.41215,1.04448
1.41682,1.04551
1.42146,1.04652
1.42609,1.04751
1.4307,1.04847
1.4353,1.0494
1.43987,1.05031
1.44443,1.05119
1.44897,1.05204
1.45349,1.05286
1.45799,1.05366
1.46247,1.05442
1.46693,1.05515
1.47136,1.05586
1.47577,1.05653
1.48015,1.05717
1.4845,1.05778
1.48882,1.05836
1.49312,1.05891
1.49738,1.05943
1.50161,1.05992
1.50581,1.06039
1.50997,1.06082
1.51409,1.06123
1.51817,1.06161
1.52222,1.06197
1.52623,1.0623
1.53019,1.06261
1.53411,1.06291
1.538,1.06318
1.54183,1.06343
1.54563,1.06367
1.54938,1.06389
1.55309,1.0641
1.55675,1.06429
1.56037,1.06448
1.56394,1.06465
1.56747,1.06482
1.57096,1.06498
1.5744,1.06514
1.5778,1.06529
1.58116,1.06544
1.58448,1.06559
1.58776,1.06573
1.591,1.06588
1.5942,1.06603
1.59736,1.06617
1.60049,1.06632
1.60358,1.06648
1.60664,1.06663
1.60966,1.06678
1.61265,1.06694
1.6156,1.0671
1.61852,1.06726
1.62142,1.06742
1.62428,1.06758
1.62711,1.06774
1.62991,1.0679
1.63268,1.06806
1.63542,1.06822
1.63813,1.06837
1.64081,1.06852
1.64346,1.06867
1.64607,1.06881
1.64866,1.06894
1.65121,1.06907
1.65373,1.06919
1.65622,1.0693
1.65867,1.06941
1.66108,1.0695
1.66345,1.06959
1.66579,1.06967
1.66808,1.06974
1.67033,1.0698
1.67253,1.06985
1.67469,1.0699
1.67681,1.06993
1.67887,1.06996
1.68088,1.06998
1.68284,1.07
1.68475,1.07002
1.6866,1.07003
1.6884,1.07003
1.69014,1.07004
1.69182,1.07005
1.69344,1.07007
1.695,1.07008
1.6965,1.07011
1.69793,1.07014
1.69931,1.07018
1.70062,1.07023
1.70186,1.0703
1.70305,1.07038
1.70417,1.07048
1.70523,1.0706
1.70622,1.07074
1.70715,1.0709
1.70802,1.07109
1.70883,1.0713
1.70958,1.07154
1.71027,1.0718
1.7109,1.07209
1.71147,1.07242
1.71198,1.07277
1.71244,1.07315
1.71284,1.07357
1.71319,1.07401
1.71348,1.07449
1.71372,1.075
1.71391,1.07554
1.71405,1.07611
1.71413,1.07671
1.71416,1.07734
1.71415,1.078
1.71408,1.07869
1.71396,1.07941
1.71379,1.08015
1.71357,1.08092
1.71329,1.08172
1.71297,1.08254
1.71259,1.08338
1.71215,1.08425
1.71166,1.08514
1.71111,1.08605
1.7105,1.08698
1.70983,1.08793
1.7091,1.0889
1.7083,1.08989
1.70743,1.0909
1.70649,1.09192
1.70549,1.09297
1.7044,1.09403
1.70324,1.09512
1.702,1.09622
1.70068,1.09734
1.69928,1.09849
1.69778,1.09966
1.6962,1.10085
1.69452,1.10207
1.69275,1.10332
1.69088,1.10459
1.68891,1.1059
1.68684,1.10724
1.68467,1.10861
1.68239,1.11002
1.68,1.11147
1.6775,1.11296
1.67489,1.11449
1.67217,1.11607
1.66933,1.1177
1.66638,1.11938
1.66332,1.1211
1.66014,1.12289
1.65684,1.12473
1.65342,1.12663
1.64989,1.12858
1.64623,1.1306
1.64246,1.13269
1.63856,1.13483
1.63455,1.13704
1.63042,1.13932
1.62616,1.14166
1.62179,1.14407
1.61729,1.14655
1.61267,1.14909
1.60793,1.15171
1.60306,1.15438
1.59808,1.15713
1.59296,1.15994
1.58772,1.16281
1.58235,1.16574
1.57685,1.16874
1.57122,1.1718
1.56545,1.17491
1.55954,1.17808
1.5535,1.1813
1.54731,1.18458
1.54098,1.18791
1.5345,1.19128
1.52786,1.19471
1.52106,1.19817
1.5141,1.20168
1.50697,1.20522
1.49967,1.20881
1.49219,1.21243
1.48452,1.21608
1.47666,1.21977
1.46861,1.22348
1.46035,1.22723
1.45188,1.231
1.44318,1.2348
1.43427,1.23862
1.42512,1.24246
1.41573,1.24632
1.4061,1.25021
1.3962,1.25411
1.38605,1.25804
1.37562,1.26198
1.36492,1.26594
1.35392,1.26991
1.34264,1.2739
1.33105,1.2779
1.31915,1.28191
1.30693,1.28594
1.29439,1.28997
1.28151,1.29401
1.2683,1.29806
1.25473,1.30211
1.24081,1.30616
1.22653,1.3102
1.21188,1.31425
1.19685,1.31828
1.18143,1.32229
1.16563,1.32629
1.14942,1.33026
1.13281,1.33419
1.11579,1.33809
1.09835,1.34194
1.08049,1.34573
1.06219,1.34945
1.04344,1.3531
1.02426,1.35666
1.00462,1.36012
0.984513,1.36346
0.963942,1.36667
0.942896,1.36974
0.921367,1.37264
0.899348,1.37537
0.876832,1.37789
0.853812,1.3802
0.830281,1.38226
0.806231,1.38406
0.781656,1.38557
0.756549,1.38677
0.730903,1.38763
0.704712,1.38812
0.677971,1.38821
0.650673,1.38787
0.622815,1.38708
0.594391,1.38579
0.565398,1.38398
0.535835,1.3816
0.505699,1.37863
0.47499,1.37501
0.44371,1.37072
0.41186,1.36571
0.379446,1.35994
0.346474,1.35337
0.312952,1.34596
0.278891,1.33765
0.244305,1.32841
0.209209,1.31819
0.173623,1.30694
0.137569,1.29462
0.101073,1.28118
0.0641641,1.26657
0.026876,1.25075
-0.0107538,1.23366
-0.0486834,1.21527
-0.0868667,1.19553
-0.125253,1.17439
-0.163786,1.15182
-0.202405,1.12778
-0.241045,1.10223
-0.279636,1.07513
-0.318101,1.04646
-0.356362,1.0162
-0.394332,0.984308
-0.431923,0.95078
-0.469041,0.915604
-0.505588,0.878773
-0.541463,0.840288
-0.576562,0.800158
-0.610778,0.758396
-0.644002,0.715027
-0.676125,0.67008
-0.707037,0.623595
-0.736627,0.575619
-0.764788,0.526209
-0.791412,0.47543
-0.816397,0.423354
-0.839643,0.370065
-0.861056,0.315653
-0.880547,0.260215
-0.898035,0.203858
-0.913446,0.146693
-0.926715,0.0888386
-0.937785,0.0304191
-0.946611,-0.0284376
-0.953157,-0.0875999
-0.957398,-0.146934
-0.95932,-0.206304
-0.95892,-0.265574
-0.956208,-0.32461
-0.951203,-0.383277
-0.943937,-0.441445
-0.93445,-0.498988
-0.922795,-0.555783
-0.909032,-0.611714
-0.893232,-0.666671
-0.875472,-0.720552
-0.855838,-0.77326
-0.834421,-0.824709
-0.811319,-0.874819
-0.786631,-0.923521
-0.760465,-0.970753
-0.732926,-1.01646
-0.704124,-1.0606
-0.674169,-1.10314
-0.643172,-1.14406
-0.611241,-1.18332
-0.578485,-1.22092
-0.545009,-1.25686
-0.510916,-1.29114
-0.476307,-1.32376
-0.441277,-1.35474
-0.405919,-1.3841
-0.370321,-1.41187
-0.334568,-1.43807
-0.298737,-1.46273
-0.262903,-1.48588
-0.227136,-1.50758
-0.191499,-1.52784
-0.156053,-1.54673
-0.120853,-1.56427
-0.0859488,-1.58051
-0.0513857,-1.59551
-0.017205,-1.60929
0.0165564,-1.62191
0.0498657,-1.63341
0.0826941,-1.64383
0.115017,-1.65323
0.146811,-1.66164
0.178061,-1.66911
0.208749,-1.67567
0.238864,-1.68138
0.268397,-1.68626
0.29734,-1.69037
0.325689,-1.69373
0.353442,-1.69639
0.380597,-1.69837
0.407156,-1.69972
0.433121,-1.70047
0.458497,-1.70065
0.483289,-1.70029
0.507503,-1.69943
0.531147,-1.69808
0.554229,-1.69629
0.576757,-1.69407
0.598742,-1.69146
0.620193,-1.68848
0.64112,-1.68514
0.661534,-1.68149
0.681446,-1.67753
0.700866,-1.6733
0.719805,-1.66881
0.738273,-1.66407
0.756282,-1.65912
0.773842,-1.65397
0.790963,-1.64863
0.807655,-1.64313
0.823928,-1.63747
0.839792,-1.63168
0.855255,-1.62577
0.870327,-1.61975
0.885016,-1.61363
0.899331,-1.60743
0.913279,-1.60116
0.926868,-1.59482
0.940106,-1.58843
0.952999,-1.582
0.965554,-1.57554
0.977777,-1.56905
0.989676,-1.56254
1.00126,-1.55601
1.01252,-1.54948
1.02348,-1.54295
1.03414,-1.53642
1.0445,-1.5299
1.05457,-1.52338
1.06435,-1.51688
1.07385,-1.5104
1.08308,-1.50393
1.09203,-1.49748
1.10073,-1.49106
1.10916,-1.48465
1.11733,-1.47827
1.12526,-1.47191
1.13294,-1.46557
1.14038,-1.45926
1.14759,-1.45297
1.15457,-1.4467
1.16133,-1.44045
1.16788,-1.43422
1.17421,-1.42801
1.18034,-1.42182
1.18626,-1.41566
1.192,-1.4095
1.19755,-1.40337
1.20292,-1.39725
1.20811,-1.39115
1.21314,-1.38507
1.218,-1.379
1.2227,-1.37295
1.22726,-1.36692
1.23166,-1.3609
1.23593,-1.3549
1.24007,-1.34891
1.24407,-1.34295
1.24796,-1.337
1.25172,-1.33107
1.25537,-1.32517
1.25891,-1.31928
1.26234,-1.31342
1.26568,-1.30759
1.26892,-1.30178
1.27206,-1.296
1.27512,-1.29025
1.27808,-1.28454
1.28097,-1.27885
1.28377,-1.27321
1.28649,-1.26759
1.28914,-1.26202
1.29171,-1.25649
1.2942,-1.251
1.29663,-1.24555
1.29898,-1.24014
1.30126,-1.23478
1.30347,-1.22947
1.30561,-1.2242
1.30768,-1.21898
1.30968,-1.21381
1.31162,-1.20868
1.31348,-1.20361
1.31528,-1.19858
1.31701,-1.1936
1.31867,-1.18866
1.32025,-1.18377
1.32178,-1.17892
1.32323,-1.17412
1.32461,-1.16937
1.32592,-1.16465
1.32717,-1.15997
1.32835,-1.15533
1.32946,-1.15073
1.3305,-1.14616
1.33147,-1.14163
1.33238,-1.13712
1.33323,-1.13265
1.33401,-1.1282
1.33473,-1.12377
1.33539,-1.11937
1.33599,-1.115
1.33653,-1.11064
1.33701,-1.1063
1.33744,-1.10197
1.33782,-1.09766
1.33815,-1.09336
1.33843,-1.08908
1.33867,-1.08481
1.33886,-1.08054
1.33901,-1.07629
1.33912,-1.07204
1.3392,-1.06781
1.33924,-1.06358
1.33925,-1.05936
1.33923,-1.05515
1.33918,-1.05094
1.33911,-1.04675
1.33901,-1.04256
1.3389,-1.03839
1.33876,-1.03422
1.3386,-1.03007
1.33843,-1.02593
1.33824,-1.0218
1.33803,-1.01768
1.33782,-1.01359
1.33759,-1.0095
1.33734,-1.00544
1.33709,-1.0014
1.33682,-0.997371
1.33654,-0.993368
1.33625,-0.989387
1.33595,-0.985429
1.33563,-0.981494
1.33531,-0.977585
1.33497,-0.9737
1.33461,-0.969842
1.33424,-0.966009
1.33386,-0.962204
1.33346,-0.958424
1.33304,-0.954671
1.3326,-0.950945
1.33215,-0.947245
1.33167,-0.94357
1.33118,-0.93992
1.33066,-0.936295
1.33012,-0.932693
1.32956,-0.929114
1.32897,-0.925556
1.32836,-0.922018
1.32773,-0.9185
1.32707,-0.914999
1.32638,-0.911514
1.32567,-0.908044
1.32494,-0.904588
1.32418,-0.901144
1.32339,-0.89771
1.32258,-0.894285
1.32175,-0.890869
1.3209,-0.887458
1.32002,-0.884053
1.31912,-0.880651
1.31821,-0.877252
1.31727,-0.873855
1.31632,-0.870459
1.31535,-0.867063
1.31437,-0.863666
1.31337,-0.860267
1.31236,-0.856867
1.31134,-0.853465
1.31032,-0.850061
1.30928,-0.846655
1.30824,-0.843247
1.3072,-0.839837
1.30615,-0.836426
1.3051,-0.833013
1.30404,-0.829601
1.30299,-0.826189
1.30194,-0.822778
1.30089,-0.819369
1.29985,-0.815963
1.2988,-0.81256
1.29776,-0.809163
1.29673,-0.805772
1.2957,-0.802388
1.29467,-0.799012
1.29365,-0.795645
1.29263,-0.792288
1.29162,-0.788943
1.29061,-0.785609
1.2896,-0.782288
1.28859,-0.77898
1.28759,-0.775687
1.28659,-0.772408
1.28558,-0.769144
1.28458,-0.765896
1.28357,-0.762664
1.28256,-0.759447
1.28155,-0.756246
1.28053,-0.753061
1.27951,-0.749891
1.27848,-0.746736
1.27744,-0.743595
1.2764,-0.740468
1.27534,-0.737354
1.27428,-0.734252
1.2732,-0.731162
1.27211,-0.728083
1.27101,-0.725012
1.2699,-0.72195
1.26878,-0.718895
1.26764,-0.715846
1.2665,-0.712802
1.26534,-0.709762
1.26416,-0.706724
1.26298,-0.703687
1.26179,-0.700651
1.26058,-0.697614
1.25937,-0.694576
1.25814,-0.691535
1.25691,-0.68849
1.25567,-0.685442
1.25443,-0.682388
1.25317,-0.67933
1.25192,-0.676265
1.25066,-0.673195
1.2494,-0.670118
1.24814,-0.667036
1.24688,-0.663947
1.24562,-0.660851
1.24437,-0.657751
1.24311,-0.654645
1.24186,-0.651533
1.24062,-0.648418
1.23938,-0.645299
1.23815,-0.642177
1.23693,-0.639053
1.23572,-0.635928
1.23451,-0.632803
1.23332,-0.629678
1.23213,-0.626554
1.23095,-0.623434
1.22978,-0.620317
1.22862,-0.617204
1.22747,-0.614097
1.22632,-0.610996
1.22519,-0.607902
1.22406,-0.604816
1.22294,-0.601738
1.22182,-0.59867
1.22071,-0.595612
1.21961,-0.592563
1.2185,-0.589525
1.2174,-0.586498
1.21631,-0.583482
1.21521,-0.580476
1.21411,-0.577481
1.21301,-0.574497
1.21191,-0.571523
1.21081,-0.568559
1.2097,-0.565604
1.20859,-0.562657
1.20747,-0.559719
1.20634,-0.556787
1.20521,-0.553862
1.20408,-0.550943
1.20293,-0.548028
1.20178,-0.545116
1.20062,-0.542207
1.19945,-0.539299
1.19828,-0.536392
1.19709,-0.533485
1.19591,-0.530576
1.19471,-0.527664
1.19351,-0.52475
1.1923,-0.521831
1.19108,-0.518907
1.18986,-0.515977
1.18864,-0.513041
1.18742,-0.510098
1.18619,-0.507149
1.18496,-0.504191
1.18374,-0.501226
1.18251,-0.498253
1.18129,-0.495271
1.18007,-0.492282
1.17885,-0.489286
1.17764,-0.486282
1.17643,-0.483271
1.17523,-0.480253
1.17404,-0.47723
1.17285,-0.474201
1.17167,-0.471167
1.17051,-0.46813
1.16935,-0.46509
1.1682,-0.462048
1.16706,-0.459004
1.16594,-0.45596
1.16482,-0.452917
1.16371,-0.449875
1.16262,-0.446835
1.16153,-0.443799
1.16045,-0.440767
1.15938,-0.437739
1.15832,-0.434717
1.15727,-0.431701
1.15622,-0.428692
1.15518,-0.425691
1.15415,-0.422696
1.15312,-0.41971
1.15209,-0.416732
1.15107,-0.413762
1.15004,-0.4108
1.14902,-0.407847
1.148,-0.404901
1.14698,-0.401963
1.14595,-0.399032
1.14493,-0.396108
1.1439,-0.39319
1.14286,-0.390278
1.14182,-0.38737
1.14078,-0.384466
1.13973,-0.381565
1.13868,-0.378667
1.13761,-0.37577
1.13655,-0.372873
1.13547,-0.369976
1.13439,-0.367078
1.13331,-0.364177
1.13221,-0.361272
1.13112,-0.358364
1.13001,-0.35545
1.12891,-0.352531
1.12779,-0.349605
1.12668,-0.346672
1.12556,-0.343732
1.12444,-0.340783
1.12332,-0.337826
1.1222,-0.334859
1.12109,-0.331884
1.11997,-0.3289
1.11885,-0.325906
1.11774,-0.322904
1.11664,-0.319893
1.11554,-0.316873
1.11444,-0.313845
1.11335,-0.31081
1.11227,-0.307767
1.1112,-0.304718
1.11013,-0.301663
1.10908,-0.298604
1.10803,-0.29554
1.107,-0.292472
1.10597,-0.289402
1.10496,-0.286331
1.10395,-0.283259
1.10296,-0.280187
1.10197,-0.277115
1.10099,-0.274046
1.10002,-0.270979
1.09906,-0.267915
1.09811,-0.264856
1.09717,-0.2618
1.09623,-0.25875
1.0953,-0.255706
1.09437,-0.252667
1.09344,-0.249634
1.09252,-0.246608
1.0916,-0.243588
1.09069,-0.240574
1.08977,-0.237566
1.08885,-0.234565
1.08793,-0.231569
1.08701,-0.228578
1.08609,-0.225592
1.08516,-0.222611
1.08423,-0.219632
1.08329,-0.216657
1.08235,-0.213683
1.0814,-0.210711
1.08045,-0.207739
1.07949,-0.204766
1.07852,-0.201792
1.07755,-0.198816
1.07656,-0.195836
1.07558,-0.192851
1.07459,-0.189862
1.07359,-0.186866
1.07258,-0.183864
1.07157,-0.180854
1.07056,-0.177836
1.06955,-0.174809
1.06853,-0.171772
1.06751,-0.168726
1.06648,-0.16567
1.06546,-0.162603
1.06444,-0.159525
1.06342,-0.156437
1.0624,-0.153338
1.06138,-0.150228
1.06037,-0.147108
1.05937,-0.143978
1.05836,-0.140838
1.05737,-0.13769
1.05638,-0.134532
1.0554,-0.131367
1.05443,-0.128194
1.05346,-0.125015
1.05251,-0.12183
1.05156,-0.11864
1.05062,-0.115446
1.04969,-0.112249
1.04877,-0.10905
1.04786,-0.105849
1.04696,-0.102647
1.04607,-0.0994457
1.04518,-0.096245
1.0443,-0.0930458
1.04343,-0.0898488
1.04256,-0.0866545
1.0417,-0.0834635
1.04084,-0.0802762
1.03999,-0.0770927
1.03913,-0.0739135
1.03828,-0.0707386
1.03744,-0.0675681
1.03659,-0.0644018
1.03574,-0.0612397
1.03488,-0.0580813
1.03403,-0.0549265
1.03317,-0.0517747
1.03231,-0.0486254
1.03144,-0.0454779
1.03057,-0.0423316
1.02969,-0.0391857
1.0288,-0.0360394
1.0279,-0.0328919
1.027,-0.0297421
1.02609,-0.0265893
1.02517,-0.0234323
1.02425,-0.0202704
1.02332,-0.0171025
1.02237,-0.0139278
1.02142,-0.0107452
1.02047,-0.00755395
1.01951,-0.00435324
1.01854,-0.0011423
1.01756,0.00207958
1.01658,0.00531302
1.0156,0.00855855
1.01461,0.0118166
1.01362,0.0150876
1.01263,0.0183718
1.01164,0.0216693
1.01065,0.0249802
1.00966,0.0283045
1.00867,0.031642
1.00769,0.0349926
1.0067,0.0383558
1.00572,0.0417313
1.00475,0.0451186
1.00378,0.048517
1.00282,0.0519261
1.00187,0.0553449
1.00092,0.0587729
0.999976,0.0622092
0.999042,0.065653
0.998115,0.0691033
0.997196,0.0725595
0.996285,0.0760205
0.99538,0.0794856
0.994482,0.082954
0.993591,0.0864248
0.992705,0.0898974
0.991825,0.093371
0.990949,0.096845
0.990077,0.100319
0.989209,0.103792
0.988342,0.107265
0.987477,0.110736
0.986612,0.114205
0.985747,0.117674
0.98488,0.121141
0.98401,0.124606
0.983137,0.12807
0.982259,0.131534
0.981376,0.134997
0.980486,0.13846
0.97959,0.141924
0.978685,0.14539
0.977772,0.148858
0.97685,0.152328
0.975918,0.155803
0.974976,0.159283
0.974024,0.162769
0.97306,0.166261
0.972086,0.169762
0.971101,0.173272
0.970106,0.176791
0.969099,0.180322
0.968083,0.183864
0.967056,0.18742
0.96602,0.190989
0.964975,0.194573
0.963922,0.198172
0.962861,0.201788
0.961794,0.20542
0.96072,0.209069
0.959641,0.212736
0.958558,0.21642
0.957471,0.220122
0.956382,0.223843
0.955292,0.227581
0.9542,0.231338
0.953109,0.235112
0.952018,0.238904
0.950929,0.242712
0.949843,0.246537
0.948759,0.250378
0.947679,0.254234
0.946603,0.258104
0.945531,0.261988
0.944464,0.265886
0.943401,0.269795
0.942343,0.273715
0.94129,0.277645
0.940241,0.281585
0.939196,0.285534
0.938155,0.28949
0.937117,0.293453
0.936082,0.297422
0.935049,0.301397
0.934017,0.305377
0.932985,0.309361
0.931952,0.313349
0.930918,0.317341
0.929882,0.321336
0.928842,0.325334
0.927796,0.329336
0.926745,0.333341
0.925687,0.33735
0.924621,0.341362
0.923546,0.345379
0.92246,0.349401
0.921364,0.353428
0.920255,0.357461
0.919133,0.361502
0.917997,0.36555
0.916846,0.369607
0.915681,0.373675
0.9145,0.377753
0.913303,0.381844
0.91209,0.385948
0.91086,0.390066
0.909613,0.3942
0.90835,0.398352
0.907071,0.402521
0.905775,0.40671
0.904464,0.410918
0.903138,0.415149
0.901796,0.419401
0.900441,0.423677
0.899072,0.427976
0.897691,0.4323
0.896298,0.43665
0.894894,0.441025
0.89348,0.445426
0.892056,0.449853
0.890625,0.454307
0.889186,0.458788
0.887741,0.463295
0.88629,0.467828
0.884835,0.472387
0.883375,0.476972
0.881913,0.481582
0.880447,0.486216
0.878979,0.490874
0.877509,0.495555
0.876038,0.500258
0.874565,0.504983
0.87309,0.509728
0.871614,0.514493
0.870137,0.519277
0.868658,0.524079
0.867176,0.528897
0.865691,0.533732
0.864202,0.538583
0.862709,0.543448
0.861211,0.548326
0.859706,0.553219
0.858194,0.558124
0.856673,0.563042
0.855142,0.567972
0.8536,0.572915
0.852045,0.577869
0.850477,0.582835
0.848893,0.587814
0.847293,0.592806
0.845675,0.597811
0.844037,0.60283
0.842379,0.607863
0.840698,0.612912
0.838994,0.617976
0.837266,0.623059
0.835513,0.62816
0.833733,0.63328
0.831926,0.638422
0.830092,0.643586
0.828228,0.648774
0.826336,0.653987
0.824414,0.659227
0.822462,0.664496
0.82048,0.669794
0.818469,0.675123
0.816428,0.680485
0.814357,0.685881
0.812257,0.691312
0.810129,0.69678
0.807972,0.702285
0.805787,0.707829
0.803576,0.713413
0.801338,0.719037
0.799075,0.724703
0.796787,0.73041
0.794475,0.736159
0.79214,0.741951
0.789783,0.747786
0.787405,0.753664
0.785005,0.759584
0.782586,0.765547
0.780147,0.771552
0.777689,0.777598
0.775213,0.783686
0.772718,0.789815
0.770205,0.795984
0.767674,0.802191
0.765125,0.808438
0.762557,0.814721
0.759971,0.821042
0.757365,0.827398
0.754739,0.833789
0.752092,0.840214
0.749423,0.846672
0.746731,0.853163
0.744014,0.859686
0.741272,0.86624
0.738502,0.872824
0.735703,0.879438
0.732873,0.886083
0.73001,0.892757
0.727112,0.899461
0.724177,0.906195
0.721204,0.912959
0.718189,0.919754
0.715131,0.92658
0.712028,0.933437
0.708877,0.940328
0.705676,0.947252
0.702424,0.954211
0.699118,0.961207
0.695756,0.96824
0.692336,0.975313
0.688858,0.982427
0.685318,0.989583
0.681716,0.996784
0.678049,1.00403
0.674317,1.01133
0.670519,1.01868
0.666654,1.02607
0.662719,1.03353
0.658716,1.04104
0.654643,1.04861
0.650499,1.05624
0.646284,1.06393
0.641999,1.07169
0.637641,1.07951
0.633213,1.0874
0.628712,1.09535
0.624141,1.10338
0.619497,1.11148
0.614782,1.11965
0.609995,1.12789
0.605137,1.13621
0.600207,1.1446
0.595206,1.15307
0.590133,1.16161
0.584988,1.17022
0.57977,1.17891
0.57448,1.18767
0.569116,1.19651
0.563678,1.20542
0.558164,1.2144
0.552574,1.22346
0.546906,1.23259
0.541158,1.24178
0.535329,1.25105
0.529417,1.26038
0.523419,1.26978
0.517332,1.27925
0.511155,1.28878
0.504884,1.29838
0.498515,1.30804
0.492046,1.31777
0.485473,1.32755
0.478791,1.3374
0.471996,1.34731
0.465085,1.35728
0.458053,1.36731
0.450895,1.3774
0.443607,1.38756
0.436183,1.39777
0.428619,1.40805
0.420909,1.41839
0.413049,1.42879
0.405033,1.43926
0.396856,1.44979
0.388512,1.46039
0.379997,1.47106
0.371304,1.4818
0.36243,1.49261
0.353368,1.50349
0.344113,1.51446
0.334661,1.52549
0.325006,1.53661
0.315144,1.54781
0.305068,1.55909
0.294775,1.57046
0.28426,1.58192
0.273518,1.59346
0.262544,1.6051
0.251333,1.61683
0.239882,1.62865
0.228185,1.64057
0.216238,1.65258
0.204036,1.66469
0.191574,1.6769
0.178848,1.6892
0.165853,1.7016
0.152584,1.7141
0.139036,1.72669
0.125203,1.73938
0.111081,1.75216
0.0966625,1.76503
0.081943,1.77799
0.0669157,1.79104
0.0515741,1.80417
0.0359114,1.81738
0.0199202,1.83067
0.00359287,1.84402
-0.0130786,1.85745
-0.0301027,1.87093
-0.0474886,1.88447
-0.0652455,1.89806
-0.0833834,1.9117
-0.101913,1.92537
-0.120845,1.93907
-0.14019,1.95279
-0.159962,1.96653
-0.180172,1.98028
-0.200834,1.99403
-0.221961,2.00776
-0.243566,2.02147
-0.265666,2.03516
-0.288274,2.04881
-0.311406,2.0624
-0.335079,2.07594
-0.359308,2.0894
-0.38411,2.10278
-0.409502,2.11606
-0.435502,2.12923
-0.462128,2.14228
-0.489397,2.1552
-0.517327,2.16796
-0.545936,2.18056
-0.575243,2.19297
-0.605267,2.20518
-0.636025,2.21718
-0.667536,2.22894
-0.699819,2.24045
-0.73289,2.25167
-0.766768,2.2626
-0.801471,2.2732
-0.837015,2.28346
-0.873416,2.29334
-0.910692,2.30282
-0.948856,2.31187
-0.987925,2.32045
-1.02791,2.32854
-1.06883,2.3361
-1.11069,2.34309
-1.1535,2.34947
-1.19727,2.3552
-1.24201,2.36023
-1.28773,2.36453
-1.33443,2.36804
-1.38212,2.37071
-1.43079,2.37248
-1.48044,2.3733
-1.53107,2.37312
-1.58268,2.37186
-1.63525,2.36947
-1.68876,2.36587
-1.74321,2.361
-1.79858,2.35479
-1.85484,2.34717
-1.91196,2.33805
-1.96991,2.32735
-2.02865,2.31501
-2.08815,2.30093
-2.14835,2.28504
-2.20919,2.26725
-2.27063,2.24747
-2.3326,2.22563
-2.39502,2.20164
-2.45781,2.17541
-2.52088,2.14688
-2.58416,2.11595
-2.64752,2.08255
-2.71086,2.04662
-2.77408,2.00808
-2.83704,1.96687
-2.89961,1.92294
-2.96165,1.87624
-3.02302,1.82673
-3.08357,1.77438
-3.14314,1.71916
-3.20155,1.66107
-3.25866,1.6001
-3.31427,1.53627
-3.36822,1.46961
-3.42033,1.40016
-3.47042,1.32798
-3.5183,1.25312
-3.56381,1.17569
-3.60677,1.09577
-3.647,1.0135
-3.68436,0.928992
-3.71867,0.842403
-3.7498,0.753892
-3.77761,0.663634
-3.80197,0.571817
-3.82278,0.478642
-3.83994,0.384317
-3.85337,0.289062
-3.86301,0.193102
-3.86881,0.0966696
-3.87075,-1.10584e-11
-3.86881,-0.0966696
-3.86301,-0.193102
-3.85337,-0.289062
-3.83994,-0.384317
-3.82278,-0.478642
-3.80197,-0.571817
-3.77761,-0.663634
-3.7498,-0.753892
-3.71867,-0.842403
-3.68436,-0.928992
-3.647,-1.0135
-3.60677,-1.09577
-3.56381,-1.17569
-3.5183,-1.25312
-3.47042,-1.32798
-3.42033,-1.40016
-3.36822,-1.46961
-3.31427,-1.53627
-3.25866,-1.6001
-3.20155,-1.66107
-3.14314,-1.71916
-3.08357,-1.77438
-3.02302,-1.82673
-2.96165,-1.87624
-2.89961,-1.92294
-2.83704,-1.96687
-2.77408,-2.00808
-2.71086,-2.04662
-2.64752,-2.08255
-2.58416,-2.11595
-2.52088,-2.14688
-2.45781,-2.17541
-2.39502,-2.20164
-2.3326,-2.22563
-2.27063,-2.24747
-2.20919,-2.26725
-2.14835,-2.28504
-2.08815,-2.30093
-2.02865,-2.31501
-1.96991,-2.32735
-1.91196,-2.33805
-1.85484,-2.34717
-1.79858,-2.35479
-1.74321,-2.361
-1.68876,-2.36587
-1.63525,-2.36947
-1.58268,-2.37186
-1.53107,-2.37312
-1.48044,-2.3733
-1.43079,-2.37248
-1.38212,-2.37071
-1.33443,-2.36804
-1.28773,-2.36453
-1.24201,-2.36023
-1.19727,-2.3552
-1.1535,-2.34947
-1.11069,-2.34309
-1.06883,-2.3361
-1.02791,-2.32854
-0.987925,-2.32045
-0.948856,-2.31187
-0.910692,-2.30282
-0.873416,-2.29334
-0.837015,-2.28346
-0.801471,-2.2732
-0.766768,-2.2626
-0.73289,-2.25167
-0.699819,-2.24045
-0.667536,-2.22894
-0.636025,-2.21718
-0.605267,-2.20518
-0.575243,-2.19297
-0.545936,-2.18056
-0.517327,-2.16796
-0.489397,-2.1552
-0.462128,-2.14228
-0.435502,-2.12923
-0.409502,-2.11606
-0.38411,-2.10278
-0.359308,-2.0894
-0.335079,-2.07594
-0.311406,-2.0624
-0.288274,-2.04881
-0.265666,-2.03516
-0.243566,-2.02147
-0.221961,-2.00776
-0.200834,-1.99403
-0.180172,-1.98028
-0.159962,-1.96653
-0.14019,-1.95279
-0.120845,-1.93907
-0.101913,-1.92537
-0.0833834,-1.9117
-0.0652455,-1.89806
-0.0474886,-1.88447
-0.0301027,-1.87093
-0.0130786,-1.85745
0.00359287,-1.84402
0.0199202,-1.83067
0.0359114,-1.81738
0.0515741,-1.80417
0.0669157,-1.79104
0.081943,-1.77799
0.0966625,-1.76503
0.111081,-1.75216
0.125203,-1.73938
0.139036,-1.72669
0.152584,-1.7141
0.165853,-1.7016
0.178848,-1.6892
0.191574,-1.6769
0.204036,-1.66469
0.216238,-1.65258
0.228185,-1.64057
0.239882,-1.62865
0.251333,-1.61683
0.262544,-1.6051
0.273518,-1.59346
0.28426,-1.58192
0.294775,-1.57046
0.305068,-1.55909
0.315144,-1.54781
0.325006,-1.53661
0.334661,-1.52549
0.344113,-1.51446
0.353368,-1.50349
0.36243,-1.49261
0.371304,-1.4818
0.379997,-1.47106
0.388512,-1.46039
0.396856,-1.44979
0.405033,-1.43926
0.413049,-1.42879
0.420909,-1.41839
0.428619,-1.40805
0.436183,-1.39777
0.443607,-1.38756
0.450895,-1.3774
0.458053,-1.36731
0.465085,-1.35728
0.471996,-1.34731
0.478791,-1.3374
0.485473,-1.32755
0.492046,-1.31777
0.498515,-1.30804
0.504884,-1.29838
0.511155,-1.28878
0.517332,-1.27925
0.523419,-1.26978
0.529417,-1.26038
0.535329,-1.25105
0.541158,-1.24178
0.546906,-1.23259
0.552574,-1.22346
0.558164,-1.2144
0.563678,-1.20542
0.569116,-1.19651
0.57448,-1.18767
0.57977,-1.17891
0.584988,-1.17022
0.590133,-1.16161
0.595206,-1.15307
0.600207,-1.1446
0.605137,-1.13621
0.609995,-1.12789
0.614782,-1.11965
0.619497,-1.11148
0.624141,-1.10338
0.628712,-1.09535
0.633213,-1.0874
0.637641,-1.07951
0.641999,-1.07169
0.646284,-1.06393
0.650499,-1.05624
0.654643,-1.04861
0.658716,-1.04104
0.662719,-1.03353
0.666654,-1.02607
0.670519,-1.01868
0.674317,-1.01133
0.678049,-1.00403
0.681716,-0.996784
0.685318,-0.989583
0.688858,-0.982427
0.692336,-0.975313
0.695756,-0.96824
0.699118,-0.961207
0.702424,-0.954211
0.705676,-0.947252
0.708877,-0.940328
0.712028,-0.933437
0.715131,-0.92658
0.718189,-0.919754
0.721204,-0.912959
0.724177,-0.906195
0.727112,-0.899461
0.73001,-0.892757
0.732873,-0.886083
0.735703,-0.879438
0.738502,-0.872824
0.741272,-0.86624
0.744014,-0.859686
0.746731,-0.853163
0.749423,-0.846672
0.752092,-0.840214
0.754739,-0.833789
0.757365,-0.827398
0.759971,-0.821042
0.762557,-0.814721
0.765125,-0.808438
0.767674,-0.802191
0.770205,-0.795984
0.772718,-0.789815
0.775213,-0.783686
0.777689,-0.777598
0.780147,-0.771552
0.782586,-0.765547
0.785005,-0.759584
0.787405,-0.753664
0.789783,-0.747786
0.79214,-0.741951
0.794475,-0.736159
0.796787,-0.73041
0.799075,-0.724703
0.801338,-0.719037
0.803576,-0.713413
0.805787,-0.707829
0.807972,-0.702285
0.810129,-0.69678
0.812257,-0.691312
0.814357,-0.685881
0.816428,-0.680485
0.818469,-0.675123
0.82048,-0.669794
0.822462,-0.664496
0.824414,-0.659227
0.826336,-0.653987
0.828228,-0.648774
0.830092,-0.643586
0.831926,-0.638422
0.833733,-0.63328
0.835513,-0.62816
0.837266,-0.623059
0.838994,-0.617976
0.840698,-0.612912
0.842379,-0.607863
0.844037,-0.60283
0.845675,-0.597811
0.847293,-0.592806
0.848893,-0.587814
0.850477,-0.582835
0.852045,-0.577869
0.8536,-0.572915
0.855142,-0.567972
0.856673,-0.563042
0.858194,-0.558124
0.859706,-0.553219
0.861211,-0.548326
0.862709,-0.543448
0.864202,-0.538583
0.865691,-0.533732
0.867176,-0.528897
0.868658,-0.524079
0.870137,-0.519277
0.871614,-0.514493
0.87309,-0.509728
0.874565,-0.504983
0.876038,-0.500258
0.877509,-0.495555
0.878979,-0.490874
0.880447,-0.486216
0.881913,-0.481582
0.883375,-0.476972
0.884835,-0.472387
0.88629,-0.467828
0.887741,-0.463295
0.889186,-0.458788
0.890625,-0.454307
0.892056,-0.449853
0.89348,-0.445426
0.894894,-0.441025
0.896298,-0.43665
0.897691,-0.4323
0.899072,-0.427976
0.900441,-0.423677
0.901796,-0.419401
0.903138,-0.415149
0.904464,-0.410918
0.905775,-0.40671
0.907071,-0.402521
0.90835,-0.398352
0.909613,-0.3942
0.91086,-0.390066
0.91209,-0.385948
0.913303,-0.381844
0.9145,-0.377753
0.915681,-0.373675
0.916846,-0.369607
0.917997,-0.36555
0.919133,-0.361502
0.920255,-0.357461
0.921364,-0.353428
0.92246,-0.349401
0.923546,-0.345379
0.924621,-0.341362
0.925687,-0.33735
0.926745,-0.333341
0.927796,-0.329336
0.928842,-0.325334
0.929882,-0.321336
0.930918,-0.317341
0.931952,-0.313349
0.932985,-0.309361
0.934017,-0.305377
0.935049,-0.301397
0.936082,-0.297422
0.937117,-0.293453
0.938155,-0.28949
0.939196,-0.285534
0.940241,-0.281585
0.94129,-0.277645
0.942343,-0.273715
0.943401,-0.269795
0.944464,-0.265886
0.945531,-0.261988
0.946603,-0.258104
0.947679,-0.254234
0.948759,-0.250378
0.949843,-0.246537
0.950929,-0.242712
0.952018,-0.238904
0.953109,-0.235112
0.9542,-0.231338
0.955292,-0.227581
0.956382,-0.223843
0.957471,-0.220122
0.958558,-0.21642
0.959641,-0.212736
0.96072,-0.209069
0.961794,-0.20542
0.962861,-0.201788
0.963922,-0.198172
0.964975,-0.194573
0.96602,-0.190989
0.967056,-0.18742
0.968083,-0.183864
0.969099,-0.180322
0.970106,-0.176791
0.971101,-0.173272
0.972086,-0.169762
0.97306,-0.166261
0.974024,-0.162769
0.974976,-0.159283
0.975918,-0.155803
0.97685,-0.152328
0.977772,-0.148858
0.978685,-0.14539
0.97959,-0.141924
0.980486,-0.13846
0.981376,-0.134997
0.982259,-0.131534
0.983137,-0.12807
0.98401,-0.124606
0.98488,-0.121141
0.985747,-0.117674
0.986612,-0.114205
0.987477,-0.110736
0.988342,-0.107265
0.989209,-0.103792
0.990077,-0.100319
0.990949,-0.096845
0.991825,-0.093371
0.992705,-0.0898974
0.993591,-0.0864248
0.994482,-0.082954
0.99538,-0.0794856
0.996285,-0.0760205
0.997196,-0.0725595
0.998115,-0.0691033
0.999042,-0.065653
0.999976,-0.0622092
1.00092,-0.0587729
1.00187,-0.0553449
1.00282,-0.0519261
1.00378,-0.048517
1.00475,-0.0451186
1.00572,-0.0417313
1.0067,-0.0383558
1.00769,-0.0349926
1.00867,-0.031642
1.00966,-0.0283045
1.01065,-0.0249802
1.01164,-0.0216693
1.01263,-0.0183718
1.01362,-0.0150876
1.01461,-0.0118166
1.0156,-0.00855855
1.01658,-0.00531302
1.01756,-0.00207958
1.01854,0.0011423
1.01951,0.00435324
1.02047,0.00755395
1.02142,0.0107452
1.02237,0.0139278
1.02332,0.0171025
1.02425,0.0202704
1.02517,0.0234323
1.02609,0.0265893
1.027,0.0297421
1.0279,0.0328919
1.0288,0.0360394
1.02969,0.0391857
1.03057,0.0423316
1.03144,0.0454779
1.03231,0.0486254
1.03317,0.0517747
1.03403,0.0549265
1.03488,0.0580813
1.03574,0.0612397
1.03659,0.0644018
1.03744,0.0675681
1.03828,0.0707386
1.03913,0.0739135
1.03999,0.0770927
1.04084,0.0802762
1.0417,0.0834635
1.04256,0.0866545
1.04343,0.0898488
1.0443,0.0930458
1.04518,0.096245
1.04607,0.0994457
1.04696,0.102647
1.04786,0.105849
1.04877,0.10905
1.04969,0.112249
1.05062,0.115446
1.05156,0.11864
1.05251,0.12183
1.05346,0.125015
1.05443,0.128194
1.0554,0.131367
1.05638,0.134532
1.05737,0.13769
1.05836,0.140838
1.05937,0.143978
1.06037,0.147108
1.06138,0.150228
1.0624,0.153338
1.06342,0.156437
1.06444,0.159525
1.06546,0.162603
1.06648,0.16567
1.06751,0.168726
1.06853,0.171772
1.06955,0.174809
1.07056,0.177836
1.07157,0.180854
1.07258,0.183864
1.07359,0.186866
1.07459,0.189862
1.07558,0.192851
1.07656,0.195836
1.07755,0.198816
1.07852,0.201792
1.07949,0.204766
1.08045,0.207739
1.0814,0.210711
1.08235,0.213683
1.08329,0.216657
1.08423,0.219632
1.08516,0.222611
1.08609,0.225592
1.08701,0.228578
1.08793,0.231569
1.08885,0.234565
1.08977,0.237566
1.09069,0.240574
1.0916,0.243588
1.09252,0.246608
1.09344,0.249634
1.09437,0.252667
1.0953,0.255706
1.09623,0.25875
1.09717,0.2618
1.09811,0.264856
1.09906,0.267915
1.10002,0.270979
1.10099,0.274046
1.10197,0.277115
1.10296,0.280187
1.10395,0.283259
1.10496,0.286331
1.10597,0.289402
1.107,0.292472
1.10803,0.29554
1.10908,0.298604
1.11013,0.301663
1.1112,0.304718
1.11227,0.307767
1.11335,0.31081
1.11444,0.313845
1.11554,0.316873
1.11664,0.319893
1.11774,0.322904
1.11885,0.325906
1.11997,0.3289
1.12109,0.331884
1.1222,0.334859
1.12332,0.337826
1.12444,0.340783
1.12556,0.343732
1.12668,0.346672
1.12779,0.349605
1.12891,0.352531
1.13001,0.35545
1.13112,0.358364
1.13221,0.361272
1.13331,0.364177
1.13439,0.367078
1.13547,0.369976
1.13655,0.372873
1.13761,0.37577
1.13868,0.378667
1.13973,0.381565
1.14078,0.384466
1.14182,0.38737
1.14286,0.390278
1.1439,0.39319
1.14493,0.396108
1.14595,0.399032
1.14698,0.401963
1.148,0.404901
1.14902,0.407847
1.15004,0.4108
1.15107,0.413762
1.15209,0.416732
1.15312,0.41971
1.15415,0.422696
1.15518,0.425691
1.15622,0.428692
1.15727,0.431701
1.15832,0.434717
1.15938,0.437739
1.16045,0.440767
1.16153,0.443799
1.16262,0.446835
1.16371,0.449875
1.16482,0.452917
1.16594,0.45596
1.16706,0.459004
1.1682,0.462048
1.16935,0.46509
1.17051,0.46813
1.17167,0.471167
1.17285,0.474201
1.17404,0.47723
1.17523,0.480253
1.17643,0.483271
1.17764,0.486282
1.17885,0.489286
1.18007,0.492282
1.18129,0.495271
1.18251,0.498253
1.18374,0.501226
1.18496,0.504191
1.18619,0.507149
1.18742,0.510098
1.18864,0.513041
1.18986,0.515977
1.19108,0.518907
1.1923,0.521831
1.19351,0.52475
1.19471,0.527664
1.19591,0.530576
1.19709,0.533485
1.19828,0.536392
1.19945,0.539299
1.20062,0.542207
1.20178,0.545116
1.20293,0.548028
1.20408,0.550943
1.20521,0.553862
1.20634,0.556787
1.20747,0.559719
1.20859,0.562657
1.2097,0.565604
1.21081,0.568559
1.21191,0.571523
1.21301,0.574497
1.21411,0.577481
1.21521,0.580476
1.21631,0.583482
1.2174,0.586498
1.2185,0.589525
1.21961,0.592563
1.22071,0.595612
1.22182,0.59867
1.22294,0.601738
1.22406,0.604816
1.22519,0.607902
1.22632,0.610996
1.22747,0.614097
1.22862,0.617204
1.22978,0.620317
1.23095,0.623434
1.23213,0.626554
1.23332,0.629678
1.23451,0.632803
1.23572,0.635928
1.23693,0.639053
1.23815,0.642177
1.23938,0.645299
1.24062,0.648418
1.24186,0.651533
1.24311,0.654645
1.24437,0.657751
1.24562,0.660851
1.24688,0.663947
1.24814,0.667036
1.2494,0.670118
1.25066,0.673195
1.25192,0.676265
1.25317,0.67933
1.25443,0.682388
1.25567,0.685442
1.25691,0.68849
1.25814,0.691535
1.25937,0.694576
1.26058,0.697614
1.26179,0.700651
1.26298,0.703687
1.26416,0.706724
1.26534,0.709762
1.2665,0.712802
1.26764,0.715846
1.26878,0.718895
1.2699,0.72195
1.27101,0.725012
1.27211,0.728083
1.2732,0.731162
1.27428,0.734252
1.27534,0.737354
1.2764,0.740468
1.27744,0.743595
1.27848,0.746736
1.27951,0.749891
1.28053,0.753061
1.28155,0.756246
1.28256,0.759447
1.28357,0.762664
1.28458,0.765896
1.28558,0.769144
1.28659,0.772408
1.28759,0.775687
1.28859,0.77898
1.2896,0.782288
1.29061,0.785609
1.29162,0.788943
1.29263,0.792288
1.29365,0.795645
1.29467,0.799012
1.2957,0.802388
1.29673,0.805772
1.29776,0.809163
1.2988,0.81256
1.29985,0.815963
1.30089,0.819369
1.30194,0.822778
1.30299,0.826189
1.30404,0.829601
1.3051,0.833013
1.30615,0.836426
1.3072,0.839837
1.30824,0.843247
1.30928,0.846655
1.31032,0.850061
1.31134,0.853465
1.31236,0.856867
1.31337,0.860267
1.31437,0.863666
1.31535,0.867063
1.31632,0.870459
1.31727,0.873855
1.31821,0.877252
1.31912,0.880651
1.32002,0.884053
1.3209,0.887458
1.32175,0.890869
1.32258,0.894285
1.32339,0.89771
1.32418,0.901144
1.32494,0.904588
1.32567,0.908044
1.32638,0.911514
1.32707,0.914999
1.32773,0.9185
1.32836,0.922018
1.32897,0.925556
1.32956,0.929114
1.33012,0.932693
1.33066,0.936295
1.33118,0.93992
1.33167,0.94357
1.33215,0.947245
1.3326,0.950945
1.33304,0.954671
1.33346,0.958424
1.33386,0.962204
1.33424,0.966009
1.33461,0.969842
1.33497,0.9737
1.33531,0.977585
1.33563,0.981494
1.33595,0.985429
1.33625,0.989387
1.33654,0.993368
1.33682,0.997371
1.33709,1.0014
1.33734,1.00544
1.33759,1.0095
1.33782,1.01359
1.33803,1.01768
1.33824,1.0218
1.33843,1.02593
1.3386,1.03007
1.33876,1.03422
1.3389,1.03839
1.33901,1.04256
1.33911,1.04675
1.33918,1.05094
1.33923,1.05515
1.33925,1.05936
1.33924,1.06358
1.3392,1.06781
1.33912,1.07204
1.33901,1.07629
1.33886,1.08054
1.33867,1.08481
1.33843,1.08908
1.33815,1.09336
1.33782,1.09766
1.33744,1.10197
1.33701,1.1063
1.33653,1.11064
1.33599,1.115
1.33539,1.11937
1.33473,1.12377
1.33401,1.1282
1.33323,1.13265
1.33238,1.13712
1.33147,1.14163
1.3305,1.14616
1.32946,1.15073
1.32835,1.15533
1.32717,1.15997
1.32592,1.16465
1.32461,1.16937
1.32323,1.17412
1.32178,1.17892
1.32025,1.18377
1.31867,1.18866
1.31701,1.1936
1.31528,1.19858
1.31348,1.20361
1.31162,1.20868
1.30968,1.21381
1.30768,1.21898
1.30561,1.2242
1.30347,1.22947
1.30126,1.23478
1.29898,1.24014
1.29663,1.24555
1.2942,1.251
1.29171,1.25649
1.28914,1.26202
1.28649,1.26759
1.28377,1.27321
1.28097,1.27885
1.27808,1.28454
1.27512,1.29025
1.27206,1.296
1.26892,1.30178
1.26568,1.30759
1.26234,1.31342
1.25891,1.31928
1.25537,1.32517
1.25172,1.33107
1.24796,1.337
1.24407,1.34295
1.24007,1.34891
1.23593,1.3549
1.23166,1.3609
1.22726,1.36692
1.2227,1.37295
1.218,1.379
1.21314,1.38507
1.20811,1.39115
1.20292,1.39725
1.19755,1.40337
1.192,1.4095
1.18626,1.41566
1.18034,1.42182
1.17421,1.42801
1.16788,1.43422
1.16133,1.44045
1.15457,1.4467
1.14759,1.45297
1.14038,1.45926
1.13294,1.46557
1.12526,1.47191
1.11733,1.47827
1.10916,1.48465
1.10073,1.49106
1.09203,1.49748
1.08308,1.50393
1.07385,1.5104
1.06435,1.51688
1.05457,1.52338
1.0445,1.5299
1.03414,1.53642
1.02348,1.54295
1.01252,1.54948
1.00126,1.55601
0.989676,1.56254
0.977777,1.56905
0.965554,1.57554
0.952999,1.582
0.940106,1.58843
0.926868,1.59482
0.913279,1.60116
0.899331,1.60743
0.885016,1.61363
0.870327,1.61975
0.855255,1.62577
0.839792,1.63168
0.823928,1.63747
0.807655,1.64313
0.790963,1.64863
0.773842,1.65397
0.756282,1.65912
0.738273,1.66407
0.719805,1.66881
0.700866,1.6733
0.681446,1.67753
0.661534,1.68149
0.64112,1.68514
0.620193,1.68848
0.598742,1.69146
0.576757,1.69407
0.554229,1.69629
0.531147,1.69808
0.507503,1.69943
0.483289,1.70029
0.458497,1.70065
0.433121,1.70047
0.407156,1.69972
0.380597,1.69837
0.353442,1.69639
0.325689,1.69373
0.29734,1.69037
0.268397,1.68626
0.238864,1.68138
0.208749,1.67567
0.178061,1.66911
0.146811,1.66164
0.115017,1.65323
0.0826941,1.64383
0.0498657,1.63341
0.0165564,1.62191
-0.017205,1.60929
-0.0513857,1.59551
-0.0859488,1.58051
-0.120853,1.56427
-0.156053,1.54673
-0.191499,1.52784
-0.227136,1.50758
-0.262903,1.48588
-0.298737,1.46273
-0.334568,1.43807
-0.370321,1.41187
-0.405919,1.3841
-0.441277,1.35474
-0.476307,1.32376
-0.510916,1.29114
-0.545009,1.25686
-0.578485,1.22092
-0.611241,1.18332
-0.643172,1.14406
-0.674169,1.10314
-0.704124,1.0606
-0.732926,1.01646
-0.760465,0.970753
-0.786631,0.923521
-0.811319,0.874819
-0.834421,0.824709
-0.855838,0.77326
-0.875472,0.720552
-0.893232,0.666671
-0.909032,0.611714
-0.922795,0.555783
-0.93445,0.498988
-0.943937,0.441445
-0.951203,0.383277
-0.956208,0.32461
-0.95892,0.265574
-0.95932,0.206304
-0.957398,0.146934
-0.953157,0.0875999
-0.946611,0.0284376
-0.937785,-0.0304191
-0.926715,-0.0888386
-0.913446,-0.146693
-0.898035,-0.203858
-0.880547,-0.260215
-0.861056,-0.315653
-0.839643,-0.370065
-0.816397,-0.423354
-0.791412,-0.47543
-0.764788,-0.526209
-0.736627,-0.575619
-0.707037,-0.623595
-0.676125,-0.67008
-0.644002,-0.715027
-0.610778,-0.758396
-0.576562,-0.800158
-0.541463,-0.840288
-0.505588,-0.878773
-0.469041,-0.915604
-0.431923,-0.95078
-0.394332,-0.984308
-0.356362,-1.0162
-0.318101,-1.04646
-0.279636,-1.07513
-0.241045,-1.10223
-0.202405,-1.12778
-0.163786,-1.15182
-0.125253,-1.17439
-0.0868667,-1.19553
-0.0486834,-1.21527
-0.0107538,-1.23366
0.026876,-1.25075
0.0641641,-1.26657
0.101073,-1.28118
0.137569,-1.29462
0.173623,-1.30694
0.209209,-1.31819
0.244305,-1.32841
0.278891,-1.33765
0.312952,-1.34596
0.346474,-1.35337
0.379446,-1.35994
0.41186,-1.36571
0.44371,-1.37072
0.47499,-1.37501
0.505699,-1.37863
0.535835,-1.3816
0.565398,-1.38398
0.594391,-1.38579
0.622815,-1.38708
0.650673,-1.38787
0.677971,-1.38821
0.704712,-1.38812
0.730903,-1.38763
0.756549,-1.38677
0.781656,-1.38557
0.806231,-1.38406
0.830281,-1.38226
0.853812,-1.3802
0.876832,-1.37789
0.899348,-1.37537
0.921367,-1.37264
0.942896,-1.36974
0.963942,-1.36667
0.984513,-1.36346
1.00462,-1.36012
1.02426,-1.35666
1.04344,-1.3531
1.06219,-1.34945
1.08049,-1.34573
1.09835,-1.34194
1.11579,-1.33809
1.13281,-1.33419
1.14942,-1.33026
1.16563,-1.32629
1.18143,-1.32229
1.19685,-1.31828
1.21188,-1.31425
1.22653,-1.3102
1.24081,-1.30616
1.25473,-1.30211
1.2683,-1.29806
1.28151,-1.29401
1.29439,-1.28997
1.30693,-1.28594
1.31915,-1.28191
1.33105,-1.2779
1.34264,-1.2739
1.35392,-1.26991
1.36492,-1.26594
1.37562,-1.26198
1.38605,-1.25804
1.3962,-1.25411
1.4061,-1.25021
1.41573,-1.24632
1.42512,-1.24246
1.43427,-1.23862
1.44318,-1.2348
1.45188,-1.231
1.46035,-1.22723
1.46861,-1.22348
1.47666,-1.21977
1.48452,-1.21608
1.49219,-1.21243
1.49967,-1.20881
1.50697,-1.20522
1.5141,-1.20168
1.52106,-1.19817
1.52786,-1.19471
1.5345,-1.19128
1.54098,-1.18791
1.54731,-1.18458
1.5535,-1.1813
1.55954,-1.17808
1.56545,-1.17491
1.57122,-1.1718
1.57685,-1.16874
1.58235,-1.16574
1.58772,-1.16281
1.59296,-1.15994
1.59808,-1.15713
1.60306,-1.15438
1.60793,-1.15171
1.61267,-1.14909
1.61729,-1.14655
1.62179,-1.14407
1.62616,-1.14166
1.63042,-1.13932
1.63455,-1.13704
1.63856,-1.13483
1.64246,-1.13269
1.64623,-1.1306
1.64989,-1.12858
1.65342,-1.12663
1.65684,-1.12473
1.66014,-1.12289
1.66332,-1.1211
1.66638,-1.11938
1.66933,-1.1177
1.67217,-1.11607
1.67489,-1.11449
1.6775,-1.11296
1.68,-1.11147
1.68239,-1.11002
1.68467,-1.10861
1.68684,-1.10724
1.68891,-1.1059
1.69088,-1.10459
1.69275,-1.10332
1.69452,-1.10207
1.6962,-1.10085
1.69778,-1.09966
1.69928,-1.09849
1.70068,-1.09734
1.702,-1.09622
1.70324,-1.09512
1.7044,-1.09403
1.70549,-1.09297
1.70649,-1.09192
1.70743,-1.0909
1.7083,-1.08989
1.7091,-1.0889
1.70983,-1.08793
1.7105,-1.08698
1.71111,-1.08605
1.71166,-1.08514
1.71215,-1.08425
1.71259,-1.08338
1.71297,-1.08254
1.71329,-1.08172
1.71357,-1.08092
1.71379,-1.08015
1.71396,-1.07941
1.71408,-1.07869
1.71415,-1.078
1.71416,-1.07734
1.71413,-1.07671
1.71405,-1.07611
1.71391,-1.07554
1.71372,-1.075
1.71348,-1.07449
1.71319,-1.07401
1.71284,-1.07357
1.71244,-1.07315
1.71198,-1.07277
1.71147,-1.07242
1.7109,-1.07209
1.71027,-1.0718
1.70958,-1.07154
1.70883,-1.0713
1.70802,-1.07109
1.70715,-1.0709
1.70622,-1.07074
1.70523,-1.0706
1.70417,-1.07048
1.70305,-1.07038
1.70186,-1.0703
1.70062,-1.07023
1.69931,-1.07018
1.69793,-1.07014
1.6965,-1.07011
1.695,-1.07008
1.69344,-1.07007
1.69182,-1.07005
1.69014,-1.07004
1.6884,-1.07003
1.6866,-1.07003
1.68475,-1.07002
1.68284,-1.07
1.68088,-1.06998
1.67887,-1.06996
1.67681,-1.06993
1.67469,-1.0699
1.67253,-1.06985
1.67033,-1.0698
1.66808,-1.06974
1.66579,-1.06967
1.66345,-1.06959
1.66108,-1.0695
1.65867,-1.06941
1.65622,-1.0693
1.65373,-1.06919
1.65121,-1.06907
1.64866,-1.06894
1.64607,-1.06881
1.64346,-1.06867
1.64081,-1.06852
1.63813,-1.06837
1.63542,-1.06822
1.63268,-1.06806
1.62991,-1.0679
1.62711,-1.06774
1.62428,-1.06758
1.62142,-1.06742
1.61852,-1.06726
1.6156,-1.0671
1.61265,-1.06694
1.60966,-1.06678
1.60664,-1.06663
1.60358,-1.06648
1.60049,-1.06632
1.59736,-1.06617
1.5942,-1.06603
1.591,-1.06588
1.58776,-1.06573
1.58448,-1.06559
1.58116,-1.06544
1.5778,-1.06529
1.5744,-1.06514
1.57096,-1.06498
1.56747,-1.06482
1.56394,-1.06465
1.56037,-1.06448
1.55675,-1.06429
1.55309,-1.0641
1.54938,-1.06389
1.54563,-1.06367
1.54183,-1.06343
1.538,-1.06318
1.53411,-1.06291
1.53019,-1.06261
1.52623,-1.0623
1.52222,-1.06197
1.51817,-1.06161
1.51409,-1.06123
1.50997,-1.06082
1.50581,-1.06039
1.50161,-1.05992
1.49738,-1.05943
1.49312,-1.05891
1.48882,-1.05836
1.4845,-1.05778
1.48015,-1.05717
1.47577,-1.05653
1.47136,-1.05586
1.46693,-1.05515
1.46247,-1.05442
1.45799,-1.05366
1.45349,-1.05286
1.44897,-1.05204
1.44443,-1.05119
1.43987,-1.05031
1.4353,-1.0494
1.4307,-1.04847
1.42609,-1.04751
1.42146,-1.04652
1.41682,-1.04551
1.41215,-1.04448
1.40748,-1.04342
1.40278,-1.04234
1.39807,-1.04123
1.39334,-1.04011
1.3886,-1.03896
1.38384,-1.03779
1.37905,-1.0366
1.37425,-1.0354
1.36944,-1.03417
1.3646,-1.03292
1.35974,-1.03165
1.35485,-1.03036
1.34995,-1.02905
1.34502,-1.02772
1.34007,-1.02637
1.33509,-1.02499
1.33009,-1.02359
1.32507,-1.02217
1.32001,-1.02072
1.31494,-1.01925
1.30983,-1.01775
1.3047,-1.01622
1.29954,-1.01467
1.29435,-1.01308
1.28914,-1.01146
1.2839,-1.00981
1.27863,-1.00812
1.27334,-1.0064
1.26802,-1.00464
1.26267,-1.00285
1.25731,-1.00101
1.25192,-0.999135
1.2465,-0.997218
1.24107,-0.995258
1.23561,-0.993256
1.23013,-0.99121
1.22464,-0.989119
1.21913,-0.986983
1.21361,-0.984801
1.20807,-0.982573
1.20251,-0.980299
1.19695,-0.977978
1.19138,-0.97561
1.18579,-0.973196
1.1802,-0.970735
1.1746,-0.968229
1.169,-0.965676
1.16339,-0.963078
1.15778,-0.960435
1.15217,-0.957748
1.14656,-0.955017
1.14094,-0.952243
1.13533,-0.949426
1.12971,-0.946568
1.1241,-0.943669
1.11848,-0.940731
1.11287,-0.937752
1.10726,-0.934735
1.10165,-0.931681
1.09604,-0.928588
1.09044,-0.92546
1.08483,-0.922295
1.07923,-0.919094
1.07362,-0.915858
1.06802,-0.912587
1.06241,-0.909282
1.05681,-0.905941
1.0512,-0.902566
1.04559,-0.899157
1.03997,-0.895712
1.03436,-0.892232
1.02874,-0.888717
1.02311,-0.885165
1.01748,-0.881577
1.01185,-0.877951
1.00621,-0.874288
1.00056,-0.870585
0.994909,-0.866843
0.989252,-0.863061
0.983588,-0.859236
0.977919,-0.85537
0.972244,-0.851459
0.966564,-0.847504
0.960879,-0.843503
0.95519,-0.839455
0.949497,-0.83536
0.9438,-0.831215
0.938102,-0.827022
0.932403,-0.822777
0.926703,-0.818481
0.921004,-0.814134
0.915307,-0.809733
0.909612,-0.805279
0.903923,-0.800771
0.898239,-0.796209
0.892562,-0.791592
0.886893,-0.786921
0.881234,-0.782195
0.875586,-0.777414
0.86995,-0.772579
0.864328,-0.767689
0.858721,-0.762745
0.85313,-0.757748
0.847556,-0.752697
0.842001,-0.747594
0.836465,-0.742439
0.830949,-0.737232
0.825455,-0.731976
0.819982,-0.726669
0.814532,-0.721314
0.809106,-0.715912
0.803703,-0.710462
0.798324,-0.704966
0.792969,-0.699425
0.787639,-0.69384
0.782334,-0.688211
0.777053,-0.68254
0.771797,-0.676827
0.766565,-0.671073
0.761357,-0.665277
0.756173,-0.659442
0.751012,-0.653567
0.745875,-0.647653
0.74076,-0.6417
0.735667,-0.635709
0.730596,-0.629678
0.725547,-0.623609
0.720518,-0.617501
0.71551,-0.611354
0.710522,-0.605168
0.705554,-0.598942
0.700605,-0.592676
0.695676,-0.58637
0.690765,-0.580022
0.685874,-0.573632
0.681001,-0.5672
0.676148,-0.560725
0.671314,-0.554206
0.666499,-0.547641
0.661705,-0.541032
0.656931,-0.534375
0.652178,-0.527672
0.647446,-0.520921
0.642737,-0.514121
0.638052,-0.507272
0.63339,-0.500373
0.628754,-0.493423
0.624144,-0.486422
0.619562,-0.47937
0.615009,-0.472266
0.610485,-0.465111
0.605993,-0.457903
0.601534,-0.450643
0.597108,-0.443331
0.592718,-0.435967
0.588364,-0.428552
0.584048,-0.421086
0.579772,-0.413569
0.575536,-0.406001
0.571341,-0.398385
0.567189,-0.390719
0.563082,-0.383006
0.559019,-0.375246
0.555001,-0.367439
0.551031,-0.359588
0.547107,-0.351693
0.543232,-0.343754
0.539405,-0.335774
0.535627,-0.327754
0.531898,-0.319694
0.528218,-0.311595
0.524588,-0.303459
0.521008,-0.295287
0.517478,-0.28708
0.513997,-0.278838
0.510565,-0.270563
0.507182,-0.262255
0.503848,-0.253916
0.500562,-0.245545
0.497324,-0.237144
0.494133,-0.228712
0.49099,-0.220251
0.487893,-0.211761
0.484841,-0.203241
0.481836,-0.194693
0.478875,-0.186115
0.475959,-0.177508
0.473087,-0.168872
0.470259,-0.160207
0.467474,-0.151512
0.464733,-0.142787
0.462035,-0.134031
0.459381,-0.125245
0.45677,-0.116427
0.454202,-0.107577
0.451678,-0.0986943
0.449198,-0.0897787
0.446762,-0.0808294
0.444372,-0.071846
0.442027,-0.0628279
0.439728,-0.0537746
0.437477,-0.0446858
0.435273,-0.035561
0.433119,-0.0264
0.431014,-0.0172025
0.42896,-0.00796847
0.426959,0.00130225
0.425011,0.0106096
0.423117,0.0199534
0.42128,0.0293335
0.419499,0.0387494
0.417777,0.0482009
0.416114,0.0576872
0.414511,0.0672078
0.412971,0.0767619
0.411494,0.0863487
0.41008,0.0959671
0.408732,0.105616
0.407449,0.115295
0.406234,0.125002
0.405085,0.134737
0.404006,0.144497
0.402995,0.154282
0.402053,0.164091
0.401181,0.173921
0.400378,0.183772
0.399646,0.193642
0.398984,0.20353
0.398392,0.213434
0.397869,0.223353
0.397417,0.233287
0.397034,0.243233
0.396719,0.253191
0.396473,0.26316
0.396295,0.273138
0.396185,0.283125
0.39614,0.29312
0.396162,0.303122
0.39625,0.31313
0.396402,0.323145
0.396617,0.333166
0.396896,0.343192
0.397238,0.353223
0.397641,0.363259
0.398106,0.373301
0.398631,0.383347
0.399217,0.393399
0.399863,0.403456
0.400568,0.413519
0.401332,0.423587
0.402156,0.433662
0.403039,0.443744
0.40398,0.453833
0.404982,0.463929
0.406042,0.474033
0.407163,0.484145
0.408343,0.494266
0.409584,0.504396
0.410887,0.514534
0.412252,0.524682
0.413679,0.534839
0.415171,0.545006
0.416726,0.555182
0.418347,0.565367
0.420035,0.575562
0.421789,0.585765
0.423613,0.595976
0.425505,0.606195
0.427468,0.616421
0.429503,0.626654
0.43161,0.636892
0.43379,0.647134
0.436045,0.65738
0.438374,0.667628
0.440779,0.677878
0.443261,0.688127
0.44582,0.698374
0.448456,0.708619
0.45117,0.718858
0.453962,0.729092
0.456832,0.739318
0.459781,0.749535
0.462807,0.759742
0.465912,0.769935
0.469095,0.780115
0.472355,0.79028
0.475692,0.800428
0.479105,0.810558
0.482594,0.820668
0.486157,0.830757
0.489795,0.840824
0.493505,0.850868
0.497287,0.860887
0.50114,0.870882
0.505064,0.880851
0.509055,0.890793
0.513115,0.900708
0.517241,0.910595
0.521432,0.920454
0.525688,0.930285
0.530008,0.940088
0.534389,0.949862
0.538832,0.959607
0.543336,0.969324
0.547899,0.979013
0.552522,0.988674
0.557203,0.998307
0.561941,1.00791
0.566738,1.01749
0.571591,1.02704
0.576501,1.03657
0.581468,1.04607
0.586492,1.05555
0.591573,1.065
0.596711,1.07442
0.601906,1.08382
0.607159,1.0932
0.61247,1.10255
0.61784,1.11188
0.623269,1.12118
0.628758,1.13047
0.634308,1.13972
0.639918,1.14895
0.645591,1.15816
0.651326,1.16734
0.657125,1.17649
0.662987,1.18562
0.668914,1.19472
0.674907,1.20378
0.680965,1.21282
0.68709,1.22183
0.693281,1.2308
0.699539,1.23974
0.705864,1.24865
0.712256,1.25752
0.718716,1.26635
0.725242,1.27513
0.731836,1.28388
0.738495,1.29258
0.745221,1.30124
0.752012,1.30985
0.758867,1.31842
0.765785,1.32693
0.772767,1.33539
0.779809,1.3438
0.786912,1.35216
0.794073,1.36046
0.801292,1.3687
0.808567,1.37688
0.815897,1.38501
0.823279,1.39308
0.830712,1.40109
0.838195,1.40903
0.845726,1.41692
0.853302,1.42474
0.860923,1.43251
0.868587,1.44021
0.876293,1.44785
0.884037,1.45543
0.89182,1.46294
0.89964,1.4704
0.907495,1.47779
0.915384,1.48513
0.923306,1.4924
0.93126,1.49962
0.939245,1.50678
0.947261,1.51388
0.955305,1.52092
0.963379,1.52791
0.971482,1.53485
0.979612,1.54173
0.98777,1.54855
0.995956,1.55532
1.00417,1.56204
1.01241,1.56871
1.02068,1.57532
1.02898,1.58188
1.0373,1.5884
1.04566,1.59486
1.05404,1.60126
1.06246,1.60762
1.0709,1.61392
1.07937,1.62018
1.08787,1.62637
1.09641,1.63252
1.10497,1.63861
1.11357,1.64465
1.12219,1.65062
1.13085,1.65655
1.13954,1.66241
1.14826,1.66821
1.15701,1.67395
1.16579,1.67963
1.1746,1.68524
1.18343,1.69079
1.1923,1.69627
1.20119,1.70169
1.21011,1.70703
1.21905,1.7123
1.22801,1.7175
1.23699,1.72262
1.24599,1.72767
1.25501,1.73264
1.26405,1.73754
1.2731,1.74236
1.28216,1.74709
1.29122,1.75175
1.3003,1.75633
1.30937,1.76083
1.31845,1.76524
1.32753,1.76958
1.3366,1.77383
1.34567,1.77801
1.35473,1.7821
1.36377,1.78611
1.37281,1.79005
1.38183,1.79391
1.39083,1.79769
1.39981,1.80139
1.40877,1.80502
1.4177,1.80858
1.42661,1.81206
1.4355,1.81547
1.44435,1.81882
1.45318,1.82209
1.46197,1.8253
1.47073,1.82844
1.47946,1.83152
1.48815,1.83454
1.49681,1.83749
1.50543,1.84039
1.51402,1.84322
1.52257,1.846
1.53109,1.84873
1.53957,1.85139
1.54801,1.85401
1.55641,1.85656
1.56478,1.85907
1.57311,1.86152
1.5814,1.86391
1.58966,1.86626
1.59788,1.86855
1.60606,1.87078
1.6142,1.87296
1.6223,1.87509
1.63036,1.87716
1.63838,1.87918
1.64636,1.88114
1.6543,1.88303
1.6622,1.88488
1.67005,1.88666
1.67785,1.88837
1.68561,1.89003
1.69332,1.89162
1.70097,1.89315
1.70857,1.89462
1.71612,1.89601
1.7236,1.89734
1.73102,1.8986
1.73838,1.89979
1.74567,1.90091
1.75289,1.90196
1.76003,1.90294
1.76709,1.90384
1.77408,1.90468
1.78097,1.90544
1.78777,1.90614
1.79448,1.90676
1.80109,1.90731
1.8076,1.9078
1.81401,1.90822
1.8203,1.90857
1.82648,1.90885
1.83254,1.90907
1.83847,1.90923
1.84429,1.90933
1.84997,1.90938
1.85552,1.90936
1.86093,1.9093
1.8662,1.90918
1.87133,1.90901
1.87631,1.9088
1.88115,1.90854
1.88583,1.90824
1.89035,1.9079
1.89472,1.90752
1.89893,1.90711
1.90298,1.90666
1.90686,1.90619
1.91058,1.90568
1.91413,1.90515
1.9175,1.90459
1.92071,1.90401
1.92374,1.9034
1.9266,1.90278
1.92927,1.90213
1.93177,1.90146
1.93408,1.90077
1.93621,1.90006
1.93815,1.89932
1.93991,1.89857
1.94147,1.8978
1.94284,1.897
1.94401,1.89618
1.94497,1.89534
1.94574,1.89446
1.94629,1.89356
1.94664,1.89263
1.94676,1.89167
1.94667,1.89068
1.94634,1.88964
1.94579,1.88857
1.945,1.88746
1.94396,1.8863
1.94268,1.8851
1.94113,1.88385
1.93932,1.88254
1.93724,1.88118
1.93488,1.87977
1.93223,1.87829
1.92929,1.87675
1.92604,1.87515
1.92248,1.87348
1.91859,1.87173
1.91437,1.86992
1.90981,1.86802
1.90489,1.86605
1.89961,1.864
1.89396,1.86187
1.88793,1.85965
1.8815,1.85734
1.87467,1.85494
1.86743,1.85245
1.85976,1.84985
1.85165,1.84716
1.8431,1.84437
1.8341,1.84147
1.82462,1.83845
1.81467,1.83533
1.80423,1.83208
1.7933,1.8287
1.78186,1.8252
1.7699,1.82156
1.75741,1.81778
1.74439,1.81384
1.73082,1.80975
1.7167,1.80548
1.70202,1.80104
1.68676,1.79641
1.67093,1.79158
1.65451,1.78653
1.63749,1.78126
1.61987,1.77574
1.60163,1.76996
1.58278,1.76391
1.56331,1.75756
1.5432,1.7509
1.52246,1.74389
1.50108,1.73653
1.47905,1.72878
1.45637,1.72062
1.43303,1.71202
1.40904,1.70296
1.38438,1.69339
1.35907,1.68329
1.33309,1.67263
1.30644,1.66137
1.27914,1.64947
1.25118,1.63689
1.22257,1.6236
1.19331,1.60955
1.16341,1.59471
1.13288,1.57902
1.10173,1.56244
1.06998,1.54493
1.03764,1.52643
1.00473,1.50691
0.971267,1.48631
0.937286,1.46458
0.90281,1.44168
0.867872,1.41756
0.832507,1.39217
0.796754,1.36545
0.760658,1.33737
0.724266,1.30787
0.687629,1.27693
0.650807,1.24448
0.613858,1.2105
0.57685,1.17494
0.539854,1.13778
0.502945,1.09898
0.466203,1.05853
0.429713,1.01639
0.393563,0.972567
0.357846,0.927042
0.322658,0.879817
0.288099,0.830895
0.254271,0.780292
0.221279,0.728027
0.189229,0.674129
0.158226,0.618637
0.128379,0.561597
0.0997922,0.503064
0.0725716,0.443103
0.0468186,0.381786
0.022632,0.319196
0.000105884,0.255424
-0.0206706,0.190568
-0.0396147,0.124735
-0.0566506,0.0580388
-0.0717105,-0.00940006
-0.0847349,-0.0774556
-0.095674,-0.145997
-0.104488,-0.214889
-0.111146,-0.283995
-0.11563,-0.353175
-0.117931,-0.422287
-0.118052,-0.491194
-0.116007,-0.559756
-0.111821,-0.627837
-0.105527,-0.695305
-0.0971718,-0.762034
-0.0868091,-0.827899
-0.0745024,-0.892786
-0.0603234,-0.956587
-0.0443512,-1.0192
-0.0266714,-1.08053
-0.00737523,-1.1405
0.0134411,-1.19902
0.0356776,-1.25604
0.0592312,-1.3115
0.0839968,-1.36535
0.109868,-1.41754
0.136738,-1.46805
0.164499,-1.51686
0.193048,-1.56396
0.222278,-1.60933
0.25209,-1.65297
0.282383,-1.6949
0.313062,-1.73513
0.344035,-1.77368
0.375213,-1.81057
0.406511,-1.84582
0.43785,-1.87948
0.469154,-1.91157
0.500352,-1.94214
0.531377,-1.97122
0.562167,-1.99887
0.592665,-2.02511
0.622818,-2.05
0.652577,-2.07358
0.681897,-2.09591
0.710739,-2.11701
0.739066,-2.13695
0.766845,-2.15576
0.794049,-2.1735
0.820651,-2.1902
0.846631,-2.20591
0.871968,-2.22066
0.896648,-2.23451
0.920657,-2.24749
0.943986,-2.25963
0.966625,-2.27098
0.988571,-2.28157
1.00982,-2.29143
1.03037,-2.3006
1.05022,-2.30911
1.06937,-2.31699
1.08783,-2.32426
1.1056,-2.33096
1.12269,-2.33711
1.1391,-2.34274
1.15485,-2.34786
1.16995,-2.35251
1.18439,-2.3567
1.1982,-2.36046
1.21138,-2.3638
1.22396,-2.36675
1.23593,-2.36932
1.24731,-2.37153
1.25812,-2.3734
1.26837,-2.37494
1.27807,-2.37618
1.28724,-2.37711
1.29588,-2.37777
1.30401,-2.37816
1.31165,-2.37829
1.3188,-2.37818
1.32549,-2.37785
1.33171,-2.3773
1.33749,-2.37654
1.34283,-2.37558
1.34775,-2.37444
1.35226,-2.37313
1.35636,-2.37165
1.36007,-2.37002
1.3634,-2.36824
1.36636,-2.36632
1.36895,-2.36426
1.37119,-2.36209
1.37308,-2.35979
1.37463,-2.35738
1.37585,-2.35487
1.37674,-2.35226
1.37731,-2.34955
1.37758,-2.34675
1.37754,-2.34387
1.37719,-2.3409
1.37656,-2.33785
1.37564,-2.33472
1.37443,-2.33151
1.37295,-2.32824
1.37119,-2.32488
1.36917,-2.32146
1.36688,-2.31797
1.36434,-2.3144
1.36154,-2.31077
1.3585,-2.30706
1.35521,-2.30328
1.35169,-2.29943
1.34793,-2.29551
1.34394,-2.29151
1.33974,-2.28743
1.33531,-2.28327
1.33067,-2.27904
1.32583,-2.27472
1.32079,-2.27032
1.31555,-2.26584
1.31012,-2.26127
1.30451,-2.25661
1.29872,-2.25186
1.29276,-2.24702
1.28663,-2.24208
1.28035,-2.23705
1.27391,-2.23192
1.26733,-2.2267
1.2606,-2.22137
1.25374,-2.21595
1.24676,-2.21043
1.23965,-2.2048
1.23242,-2.19908
1.22509,-2.19326
1.21765,-2.18733
1.21012,-2.18131
1.20249,-2.17519
1.19477,-2.16896
1.18697,-2.16264
1.1791,-2.15623
1.17115,-2.14971
1.16314,-2.1431
1.15506,-2.1364
1.14693,-2.12961
1.13874,-2.12273
1.1305,-2.11575
1.12221,-2.10869
1.11387,-2.10154
1.1055,-2.09431
1.09708,-2.087
1.08863,-2.0796
1.08014,-2.07212
1.07163,-2.06457
1.06308,-2.05693
1.0545,-2.04922
1.0459,-2.04143
1.03728,-2.03357
1.02862,-2.02563
1.01995,-2.01762
1.01126,-2.00953
1.00254,-2.00137
0.993805,-1.99314
0.985052,-1.98483
0.976283,-1.97645
0.967497,-1.96799
0.958696,-1.95946
0.949881,-1.95085
0.941054,-1.94217
0.932215,-1.9334
0.923367,-1.92456
0.914511,-1.91564
0.905648,-1.90663
0.89678,-1.89754
0.887909,-1.88837
0.879037,-1.87911
0.870166,-1.86977
0.861299,-1.86034
0.852438,-1.85081
0.843586,-1.8412
0.834745,-1.8315
0.825918,-1.8217
0.817108,-1.81181
0.808318,-1.80183
0.799552,-1.79175
0.790812,-1.78157
0.782103,-1.7713
0.773426,-1.76094
0.764785,-1.75048
0.756185,-1.73992
0.747627,-1.72926
0.739116,-1.71852
0.730655,-1.70767
0.722247,-1.69674
0.713895,-1.68571
0.705602,-1.67459
0.697372,-1.66338
0.689207,-1.65209
0.681109,-1.6407
0.673082,-1.62923
0.665128,-1.61768
0.657249,-1.60605
0.649448,-1.59434
0.641726,-1.58255
0.634085,-1.57068
0.626527,-1.55875
0.619053,-1.54674
0.611665,-1.53466
0.604364,-1.52252
0.59715,-1.51031
0.590024,-1.49804
0.582988,-1.48571
0.576042,-1.47332
0.569185,-1.46088
0.56242,-1.44838
0.555745,-1.43582
0.549161,-1.42322
0.542668,-1.41056
0.536266,-1.39785
0.529955,-1.3851
0.523735,-1.3723
0.517606,-1.35945
0.511568,-1.34655
0.505621,-1.33361
0.499766,-1.32063
0.494001,-1.3076
0.488328,-1.29452
0.482747,-1.28141
0.477258,-1.26824
0.471861,-1.25504
0.466558,-1.24179
0.461348,-1.2285
0.456233,-1.21516
0.451213,-1.20178
0.446289,-1.18836
0.441463,-1.17489
0.436736,-1.16138
0.432109,-1.14782
0.427583,-1.13422
0.42316,-1.12058
0.418842,-1.1069
0.41463,-1.09317
0.410526,-1.0794
0.406533,-1.06559
0.40265,-1.05174
0.398882,-1.03785
0.395229,-1.02392
0.391693,-1.00996
0.388277,-0.995958
0.384981,-0.981923
0.381809,-0.967855
0.378761,-0.953755
0.375839,-0.939627
0.373046,-0.925472
0.370381,-0.911292
0.367848,-0.897089
0.365446,-0.882865
0.363178,-0.868624
0.361044,-0.854367
0.359045,-0.840097
0.357181,-0.825816
0.355455,-0.811528
0.353864,-0.797235
0.352412,-0.782939
0.351096,-0.768643
0.349917,-0.754349
0.348876,-0.740061
0.347972,-0.725781
0.347204,-0.71151
0.346572,-0.697252
0.346075,-0.683009
0.345713,-0.668783
0.345485,-0.654575
0.34539,-0.640389
0.345427,-0.626226
0.345595,-0.612087
0.345893,-0.597974
0.346319,-0.583889
0.346874,-0.569833
0.347555,-0.555807
0.348363,-0.541813
0.349295,-0.527852
0.350351,-0.513924
0.35153,-0.500031
0.35283,-0.486172
0.354252,-0.47235
0.355795,-0.458564
0.357458,-0.444815
0.35924,-0.431104
0.361141,-0.417431
0.36316,-0.403797
0.365298,-0.390202
0.367554,-0.376646
0.369928,-0.363131
0.37242,-0.349656
0.375031,-0.336223
0.37776,-0.322831
0.380607,-0.309482
0.383574,-0.296176
0.38666,-0.282915
0.389866,-0.269699
0.393192,-0.256529
0.396638,-0.243407
0.400206,-0.230333
0.403896,-0.217309
0.407708,-0.204337
0.411642,-0.191418
0.415699,-0.178554
0.41988,-0.165746
0.424184,-0.152997
0.428612,-0.140308
0.433164,-0.127682
0.43784,-0.115121
0.44264,-0.102627
0.447563,-0.0902015
0.45261,-0.0778478
0.45778,-0.065568
0.463073,-0.0533645
0.468487,-0.0412396
0.474022,-0.0291959
0.479677,-0.0172356
0.485451,-0.00536112
0.491342,0.00642521
0.49735,0.0181211
0.503473,0.0297244
0.509709,0.0412329
0.516057,0.0526445
0.522515,0.0639574
0.529081,0.0751696
0.535754,0.0862793
0.54253,0.0972849
0.549409,0.108185
0.556388,0.118978
0.563464,0.129662
0.570637,0.140237
0.577903,0.150702
0.585261,0.161055
0.592709,0.171295
0.600243,0.181422
0.607864,0.191436
0.615567,0.201336
0.623352,0.211121
0.631217,0.220791
0.63916,0.230346
0.647178,0.239785
0.655271,0.249109
0.663437,0.258318
0.671675,0.26741
0.679982,0.276387
0.688359,0.285248
0.696803,0.293994
0.705314,0.302623
0.71389,0.311137
0.722531,0.319534
0.731235,0.327816
0.740003,0.33598
0.748833,0.344028
0.757725,0.351959
0.766677,0.359772
0.77569,0.367468
0.784762,0.375044
0.793893,0.382501
0.803083,0.389839
0.81233,0.397055
0.821634,0.404149
0.830995,0.411121
0.840412,0.417968
0.849883,0.424691
0.859408,0.431287
0.868985,0.437755
0.878615,0.444095
0.888295,0.450304
0.898025,0.456381
0.907802,0.462326
0.917626,0.468136
0.927495,0.473809
0.937408,0.479346
0.947361,0.484744
0.957354,0.490001
0.967385,0.495118
0.977451,0.500091
0.98755,0.504921
0.99768,0.509607
1.00784,0.514146
1.01802,0.518538
1.02823,0.522783
1.03846,0.52688
1.0487,0.530828
1.05897,0.534627
1.06924,0.538276
1.07952,0.541775
1.08982,0.545125
1.10011,0.548325
1.11041,0.551375
1.12071,0.554276
1.131,0.557028
1.14129,0.559631
1.15157,0.562087
1.16183,0.564396
1.17209,0.566559
1.18233,0.568576
1.19255,0.570449
1.20275,0.572178
1.21293,0.573765
1.22308,0.575211
1.23321,0.576517
1.24331,0.577684
1.25338,0.578712
1.26342,0.579604
1.27343,0.58036
1.28341,0.580982
1.29335,0.58147
1.30326,0.581825
1.31313,0.582049
1.32296,0.582142
1.33275,0.582105
1.3425,0.581939
1.35221,0.581644
1.36188,0.581221
1.37151,0.580671
1.38109,0.579994
1.39063,0.57919
1.40013,0.578259
1.40957,0.577203
1.41897,0.576021
1.42833,0.574713
1.43763,0.573279
1.44688,0.571719
1.45608,0.570034
1.46522,0.568222
1.47431,0.566285
1.48335,0.564222
1.49232,0.562034
1.50124,0.559719
1.51009,0.557278
1.51888,0.554712
1.52761,0.552019
1.53626,0.549201
1.54485,0.546258
1.55336,0.54319
1.56181,0.539997
1.57017,0.53668
1.57845,0.533239
1.58666,0.529675
1.59478,0.52599
1.60281,0.522183
1.61076,0.518257
1.61861,0.514211
1.62637,0.510048
1.63403,0.505769
1.6416,0.501376
1.64907,0.496869
1.65643,0.492251
1.66368,0.487525
1.67083,0.48269
1.67787,0.477751
1.6848,0.472709
1.69162,0.467565
1.69832,0.462323
1.7049,0.456985
1.71137,0.451552
1.71772,0.446028
1.72395,0.440415
1.73005,0.434715
1.73604,0.428931
1.7419,0.423064
1.74763,0.417118
1.75324,0.411094
1.75873,0.404996
1.76409,0.398824
1.76932,0.392582
1.77443,0.386272
1.77941,0.379894
1.78426,0.373453
1.78898,0.366948
1.79358,0.360382
1.79805,0.353758
1.80239,0.347075
1.8066,0.340337
1.81068,0.333543
1.81464,0.326697
1.81846,0.319798
1.82216,0.312849
1.82573,0.305851
1.82917,0.298804
1.83248,0.29171
1.83566,0.284569
1.83871,0.277384
1.84162,0.270154
1.84441,0.262881
1.84706,0.255567
1.84958,0.248211
1.85196,0.240816
1.85421,0.233382
1.85632,0.22591
1.85829,0.218402
1.86013,0.21086
1.86182,0.203284
1.86337,0.195675
1.86479,0.188037
1.86605,0.180369
1.86718,0.172675
1.86815,0.164955
1.86898,0.157213
1.86966,0.149449
1.87019,0.141666
1.87057,0.133867
1.8708,0.126054
1.87087,0.118229
1.87079,0.110395
1.87055,0.102555
1.87016,0.0947111
1.86961,0.0868666
1.8689,0.0790241
1.86804,0.0711868
1.86702,0.0633576
1.86584,0.0555394
1.8645,0.0477355
1.863,0.0399487
1.86134,0.0321822
1.85953,0.0244389
1.85756,0.016722
1.85543,0.00903433
1.85315,0.00137886
1.85071,-0.00624155
1.84811,-0.0138241
1.84537,-0.021366
1.84247,-0.0288647
1.83941,-0.0363176
1.83621,-0.0437223
1.83286,-0.0510763
1.82936,-0.0583774
1.82572,-0.0656236
1.82193,-0.0728126
1.818,-0.0799425
1.81392,-0.0870116
1.80971,-0.0940181
1.80535,-0.10096
1.80086,-0.107837
1.79623,-0.114646
1.79146,-0.121386
1.78656,-0.128057
1.78153,-0.134656
1.77637,-0.141182
1.77108,-0.147635
1.76565,-0.154014
1.7601,-0.160316
1.75442,-0.166541
1.74861,-0.172689
1.74267,-0.178757
1.73661,-0.184744
1.73042,-0.19065
1.72411,-0.196473
1.71768,-0.202213
1.71111,-0.207866
1.70443,-0.213433
1.69762,-0.218912
1.69069,-0.224301
1.68363,-0.229598
1.67645,-0.234803
1.66915,-0.239912
1.66173,-0.244924
1.65418,-0.249837
1.64652,-0.25465
1.63873,-0.259359
1.63082,-0.263963
1.62279,-0.268459
1.61464,-0.272845
1.60638,-0.277118
1.59799,-0.281276
1.58949,-0.285317
1.58088,-0.289237
1.57215,-0.293035
1.5633,-0.296707
1.55435,-0.300251
1.54528,-0.303665
1.53611,-0.306946
1.52683,-0.310091
1.51745,-0.313097
1.50796,-0.315964
1.49838,-0.318687
1.48869,-0.321265
1.47891,-0.323696
1.46904,-0.325978
1.45908,-0.328109
1.44904,-0.330086
1.4389,-0.331908
1.42869,-0.333575
1.4184,-0.335083
1.40803,-0.336432
1.39759,-0.337621
1.38707,-0.338648
1.3765,-0.339514
1.36585,-0.340216
1.35515,-0.340754
1.34438,-0.341128
1.33356,-0.341337
1.32269,-0.341381
1.31177,-0.34126
1.30079,-0.340973
1.28977,-0.34052
1.27871,-0.339902
1.26761,-0.339119
1.25647,-0.338169
1.24529,-0.337054
1.23407,-0.335774
1.22283,-0.334328
1.21155,-0.332717
1.20024,-0.330941
1.1889,-0.329
1.17754,-0.326894
1.16615,-0.324623
1.15474,-0.322186
1.14331,-0.319584
1.13185,-0.316816
1.12038,-0.313882
1.10888,-0.310782
1.09737,-0.307514
1.08584,-0.30408
1.0743,-0.300477
1.06275,-0.296706
1.05118,-0.292764
1.0396,-0.288653
1.02802,-0.28437
1.01642,-0.279914
1.00482,-0.275285
0.99322,-0.270481
0.981614,-0.265502
0.970007,-0.260345
0.958403,-0.255011
0.946802,-0.249498
0.935207,-0.243804
0.923621,-0.237929
0.912045,-0.231871
0.900484,-0.22563
0.888939,-0.219204
0.877413,-0.212593
0.86591,-0.205796
0.854432,-0.198812
0.842982,-0.191641
0.831565,-0.184282
0.820182,-0.176735
0.808837,-0.169
0.797535,-0.161076
0.786277,-0.152964
0.775068,-0.144665
0.763911,-0.136178
0.752809,-0.127503
0.741766,-0.118643
0.730785,-0.109598
0.71987,-0.100368
0.709023,-0.0909549
0.698248,-0.0813601
0.687548,-0.071585
0.676926,-0.0616309
0.666385,-0.0514997
0.655927,-0.0411931
0.645556,-0.0307127
0.635272,-0.0200607
0.62508,-0.00923886
0.614982,0.00175076
0.604978,0.0129061
0.595072,0.0242252
0.585265,0.035706
0.575558,0.0473464
0.565954,0.0591444
0.556454,0.071098
0.547059,0.0832054
0.53777,0.0954645
0.528588,0.107874
0.519515,0.120431
0.510551,0.133136
0.501697,0.145985
0.492955,0.158978
0.484324,0.172113
0.475807,0.185389
0.467402,0.198806
0.459112,0.212361
0.450937,0.226054
0.442878,0.239884
0.434935,0.25385
0.42711,0.267951
0.419404,0.282188
0.411818,0.296558
0.404352,0.311063
0.397008,0.3257
0.389788,0.340471
0.382693,0.355373
0.375724,0.370407
0.368884,0.385573
0.362173,0.400869
0.355593,0.416295
0.349148,0.431851
0.342838,0.447536
0.336666,0.463348
